-1.0;1.0;0.32;0.03;0.29000000000000004;135.0;85.0;93.0;154.0;0.04;0.03250726185040697;0.0;0.0;0.0;131.0;1.0;
-1.0;1.0;0.34;0.03;0.31000000000000005;136.0;84.0;93.0;154.0;0.04;0.03400580948032552;0.0;0.0;0.0;131.0;1.0;
-1.0;1.0;0.36000000000000004;0.03;0.33000000000000007;136.0;84.0;93.0;154.0;0.045;0.05020464758426042;0.0;0.0;0.0;131.0;1.0;
-1.0;1.0;0.38000000000000006;0.03;0.3500000000000001;137.0;85.0;93.0;154.0;0.045;0.04916371806740839;0.0;0.0;0.0;131.0;1.0;
-1.0;1.0;0.4000000000000001;0.03;0.3700000000000001;137.0;85.0;93.0;154.0;0.04;0.03333097445392671;0.0;0.0;0.0;131.0;1.0;
-1.0;1.0;0.4200000000000001;0.03;0.3900000000000001;138.0;85.0;93.0;154.0;0.04;0.03466477956314131;0.0;0.0;0.0;131.0;1.0;
-1.0;1.0;0.4400000000000001;0.03;0.41000000000000014;138.0;85.0;93.0;154.0;0.04;0.03573182365051306;0.0;0.0;0.0;131.0;1.0;
-1.0;1.0;0.46000000000000013;0.03;0.43000000000000016;139.0;84.0;93.0;154.0;0.04;0.03658545892041048;0.0;0.0;0.0;131.0;1.0;
-1.0;1.0;0.48000000000000015;0.03;0.4500000000000002;139.0;85.0;93.0;154.0;0.045;0.05226836713632835;0.0;0.0;0.0;131.0;1.0;
-1.0;1.0;0.5000000000000001;0.03;0.4700000000000001;140.0;85.0;93.0;154.0;0.04;0.03581469370906271;0.0;0.0;0.0;131.0;1.0;
-1.0;1.0;0.5200000000000001;0.03;0.4900000000000001;140.0;85.0;93.0;154.0;0.04;0.036651754967250184;0.0;0.0;0.0;131.0;1.0;
-1.0;1.0;0.5400000000000001;0.03;0.5100000000000001;141.0;84.0;93.0;154.0;0.04;0.03732140397380009;0.0;0.0;0.0;131.0;1.0;
-1.0;1.0;0.5600000000000002;0.03;0.5300000000000001;141.0;85.0;93.0;154.0;0.045;0.052857123179040094;0.0;0.0;0.0;131.0;1.0;
-1.0;1.0;0.5800000000000002;0.03;0.5500000000000002;142.0;85.0;93.0;154.0;0.04;0.03628569854323211;0.0;0.0;0.0;131.0;1.0;
-1.0;1.0;0.6000000000000002;0.03;0.5700000000000002;142.0;84.0;93.0;154.0;0.04;0.03702855883458565;0.0;0.0;0.0;131.0;1.0;
-1.0;1.0;0.6200000000000002;0.03;0.5900000000000002;143.0;84.0;93.0;154.0;0.045;0.05262284706766855;0.0;0.0;0.0;131.0;1.0;
-1.0;1.0;0.6400000000000002;0.03;0.6100000000000002;143.0;85.0;93.0;154.0;0.045;0.05109827765413483;0.0;0.0;0.0;131.0;1.0;
-1.0;1.0;0.6600000000000003;0.03;0.6300000000000002;144.0;85.0;93.0;154.0;0.04;0.03487862212330783;0.0;0.0;0.0;131.0;1.0;
-1.0;1.0;0.6800000000000003;0.03;0.6500000000000002;144.0;85.0;93.0;154.0;0.04;0.035902897698646304;0.0;0.0;0.0;131.0;1.0;
-1.0;1.0;0.7000000000000003;0.03;0.6700000000000003;145.0;85.0;93.0;154.0;0.04;0.03672231815891703;0.0;0.0;0.0;131.0;1.0;
-1.0;1.0;0.7200000000000003;0.03;0.6900000000000003;145.0;85.0;93.0;153.0;0.04;0.03737785452713364;0.0;0.0;0.0;131.0;1.0;
-1.0;1.0;0.7400000000000003;0.03;0.7100000000000003;146.0;85.0;93.0;153.0;0.04;0.037902283621706924;0.0;0.0;0.0;131.0;1.0;
-1.0;1.0;0.7600000000000003;0.14;0.7300000000000003;146.0;84.0;93.0;154.0;0.04;0.038321826897365525;0.0;0.0;0.0;131.0;1.0;
-1.0;1.0;0.7800000000000004;0.14;0.6400000000000003;146.0;85.0;93.0;154.0;0.045;0.05365746151789241;0.0;0.0;0.0;131.0;1.0;
-1.0;1.0;0.8000000000000004;0.14;0.6600000000000004;146.0;84.0;93.0;154.0;0.04;0.036925969214313924;0.0;0.0;0.0;131.0;1.0;
-1.0;1.0;0.8200000000000004;0.39;0.6800000000000004;147.0;85.0;93.0;154.0;0.045;0.05254077537145112;0.0;0.0;0.0;131.0;1.0;
-1.0;1.0;0.8400000000000004;0.39;0.4500000000000004;145.0;84.0;93.0;154.0;0.04;0.0360326202971609;0.0;0.0;0.0;131.0;1.0;
-1.0;1.0;0.8600000000000004;0.59;0.4700000000000004;145.0;84.0;93.0;154.0;0.045;0.05182609623772874;0.0;0.0;0.0;131.0;1.0;
-1.0;1.0;0.8800000000000004;0.71;0.2900000000000005;144.0;85.0;93.0;154.0;0.045;0.05046087699018302;0.0;0.0;0.0;131.0;1.0;
-1.0;1.0;0.9000000000000005;0.71;0.1900000000000005;143.0;84.0;93.0;154.0;0.04;0.034368701592146396;0.0;0.0;0.0;131.0;1.0;
-1.0;1.0;0.9200000000000005;0.79;0.21000000000000052;143.0;85.0;93.0;154.0;0.045;0.05049496127371714;0.0;0.0;0.0;131.0;1.0;
-1.0;1.0;0.9400000000000005;0.82;0.15000000000000047;143.0;85.0;93.0;154.0;0.04;0.03439596901897369;0.0;0.0;0.0;131.0;1.0;
-1.0;1.0;0.9600000000000005;0.87;0.14000000000000057;143.0;85.0;93.0;154.0;0.04;0.03551677521517891;0.0;0.0;0.0;131.0;1.0;
-1.0;1.0;0.9800000000000005;0.89;0.11000000000000054;143.0;84.0;93.0;154.0;0.04;0.036413420172143156;0.0;0.0;0.0;131.0;1.0;
-1.0;1.0;1.0;0.89;0.10999999999999999;144.0;84.0;93.0;154.0;0.045;0.05213073613771452;0.0;0.0;0.0;131.0;1.0;
-1.0;1.0;1.0;0.92;0.10999999999999999;144.0;85.0;93.0;154.0;0.045;0.050704588910171655;0.0;0.0;0.0;131.0;1.0;
-1.0;1.0;1.0;0.92;0.07999999999999996;143.0;85.0;93.0;154.0;0.04;0.03456367112813729;0.0;0.0;0.0;131.0;1.0;
-1.0;1.0;1.0;0.96;0.07999999999999996;143.0;85.0;93.0;154.0;0.04;0.03565093690250983;0.0;0.0;0.0;131.0;1.0;
-1.0;1.0;1.0;0.98;0.040000000000000036;143.0;85.0;93.0;154.0;0.04;0.03652074952200785;0.0;0.0;0.0;131.0;1.0;
-1.0;1.0;1.0;1.0;0.020000000000000018;143.0;84.0;93.0;154.0;0.04;0.03721659961760628;0.0;0.0;0.0;131.0;1.0;
-1.0;1.0;1.0;0.99;0.0;143.0;85.0;93.0;154.0;0.045;0.05277327969408506;0.0;0.0;0.0;131.0;1.0;
-1.0;1.0;1.0;1.03;0.010000000000000009;143.0;84.0;93.0;154.0;0.04;0.03621862375526804;0.0;0.0;0.0;131.0;1.0;
-1.0;1.0;1.0;1.04;-0.030000000000000027;142.0;85.0;93.0;154.0;0.045;0.05197489900421441;0.0;0.0;0.0;131.0;1.0;
-1.0;1.0;1.0;1.06;-0.040000000000000036;142.0;84.0;93.0;154.0;0.04;0.035579919203371536;0.0;0.0;0.0;131.0;1.0;
-1.0;1.0;1.0;1.05;-0.06000000000000005;142.0;84.0;93.0;153.0;0.045;0.05146393536269725;0.0;0.0;0.0;131.0;1.0;
-1.0;1.0;1.0;1.04;-0.050000000000000044;142.0;84.0;94.0;154.0;0.045;0.050171148290157785;0.0;0.0;0.0;131.0;1.0;
-1.0;1.0;1.0;0.94;-0.040000000000000036;142.0;83.0;94.0;154.0;0.05;0.06413691863212621;0.0;0.0;0.0;131.0;1.0;
-1.0;1.0;1.0;0.94;0.06000000000000005;143.0;82.0;95.0;154.0;0.055;0.07630953490570103;0.0;0.0;0.0;131.0;1.0;
-1.0;1.0;1.0;0.86;0.06000000000000005;143.0;82.0;95.0;154.0;0.065;0.10204762792456074;0.0;0.0;0.0;131.0;1.0;
-1.0;1.0;1.0;0.79;0.14;144.0;82.0;95.0;153.0;0.065;0.09463810233964859;0.0;0.0;0.0;131.0;1.0;
-1.0;1.0;1.0;0.79;0.20999999999999996;145.0;80.0;96.0;154.0;0.065;0.0887104818717189;0.0;0.0;0.0;131.0;1.0;
-1.0;1.0;1.0;0.79;0.20999999999999996;145.0;80.0;96.0;153.0;0.08;0.12896838549737513;0.0;0.0;0.0;131.0;1.0;
-1.0;1.0;1.0;0.79;0.20999999999999996;145.0;79.0;97.0;154.0;0.08;0.11917470839790015;0.0;0.0;0.0;131.0;1.0;
-1.0;1.0;1.0;0.85;0.20999999999999996;145.0;79.0;98.0;153.0;0.09;0.14133976671832005;0.0;0.0;0.0;131.0;1.0;
-1.0;1.0;1.0;0.84;0.15000000000000002;144.0;78.0;98.0;153.0;0.095;0.14607181337465613;0.0;0.0;0.0;131.0;1.0;
-1.0;1.0;1.0;0.83;0.16000000000000003;144.0;78.0;98.0;153.0;0.1;0.1508574506997249;0.0;0.0;0.0;131.0;1.0;
-1.0;1.0;1.0;0.83;0.17000000000000004;144.0;77.0;99.0;153.0;0.1;0.14068596055977994;0.0;0.0;0.0;131.0;1.0;
-1.0;1.0;1.0;0.87;0.17000000000000004;144.0;76.0;99.0;153.0;0.11;0.1625487684478239;0.0;0.0;0.0;131.0;1.0;
-1.0;1.0;1.0;0.9;0.13;144.0;75.0;101.0;153.0;0.115;0.16703901475825916;0.0;0.0;0.0;131.0;1.0;
-1.0;1.0;1.0;0.91;0.09999999999999998;144.0;75.0;101.0;153.0;0.13;0.2016312118066073;0.0;0.0;0.0;131.0;1.0;
-1.0;1.0;1.0;0.96;0.08999999999999997;143.0;75.0;102.0;153.0;0.13;0.18730496944528596;0.0;0.0;0.0;131.0;1.0;
-1.0;1.0;1.0;0.96;0.040000000000000036;143.0;74.0;104.0;153.0;0.135;0.19084397555622873;0.0;0.0;0.0;131.0;1.0;
-1.0;1.0;1.0;0.97;0.040000000000000036;143.0;73.0;104.0;153.0;0.15;0.22467518044498286;0.0;0.0;0.0;131.0;1.0;
-1.0;1.0;1.0;0.98;0.030000000000000027;143.0;73.0;112.0;153.0;0.155;0.22474014435598627;0.0;0.0;0.0;131.0;1.0;
-1.0;1.0;1.0;1.02;0.020000000000000018;143.0;73.0;124.0;153.0;0.195;0.3307921154847891;0.0;0.0;0.0;131.0;1.0;
-1.0;1.0;1.0;1.04;-0.020000000000000018;142.0;72.0;190.0;153.0;0.255;0.48363369238783127;0.0;0.0;0.0;131.0;1.0;
-1.0;0.723;0.9;1.05;-0.14;140.0;71.0;130.0;153.0;0.59;1.0;0.0;0.0;1.0;235.0;1.0;
-1.0;1.0;0.92;1.05;-0.13;140.0;74.0;112.0;153.0;0.295;0.38732556312821215;0.0;0.0;0.0;131.0;1.0;
-1.0;1.0;0.9400000000000001;1.02;-0.10999999999999999;141.0;79.0;116.0;153.0;0.19;0.05386045050256982;0.0;0.0;0.0;131.0;1.0;
-1.0;1.0;0.9600000000000001;1.02;-0.05999999999999994;141.0;85.0;131.0;153.0;0.185;0.06608836040205579;0.0;0.0;0.0;131.0;1.0;
-1.0;1.0;0.9800000000000001;0.94;-0.039999999999999925;142.0;88.0;201.0;153.0;0.23;0.22487068832164456;0.0;0.0;0.0;131.0;1.0;
-1.0;0.732;0.8800000000000001;0.85;-0.05999999999999983;140.0;90.0;195.0;153.0;0.56;1.0;0.0;0.0;1.0;235.0;1.0;
-1.0;0.7445282759474148;0.7800000000000001;0.78;-0.06999999999999984;139.0;97.0;172.0;153.0;0.525;0.9797172405258526;0.0;0.0;1.0;235.0;1.0;
-1.0;0.9413584827842244;0.8000000000000002;0.78;0.02000000000000013;140.0;104.0;160.0;153.0;0.375;0.43877379242068215;0.0;0.0;0.37500000000000006;152.0;1.0;
-1.0;1.0;0.8200000000000002;0.76;0.04000000000000015;140.0;112.0;113.0;153.0;0.28;0.14101903393654558;0.0;0.0;0.0;131.0;1.0;
-1.0;1.0;0.8400000000000002;0.66;0.08000000000000018;141.0;112.0;108.0;153.0;0.005;-0.6561847728507636;0.0;0.0;0.0;131.0;1.0;
-1.0;1.0;0.8600000000000002;0.66;0.20000000000000018;142.0;117.0;113.0;153.0;-0.02;-0.5989478182806109;0.0;0.0;0.0;131.0;1.0;
-1.0;1.0;0.8800000000000002;0.53;0.2200000000000002;143.0;121.0;114.0;153.0;-0.02;-0.48315825462448864;0.0;0.0;0.0;131.0;1.0;
-1.0;1.0;0.9000000000000002;0.53;0.3700000000000002;145.0;127.0;123.0;153.0;-0.035;-0.43552660369959106;0.0;0.0;0.0;131.0;1.0;
-1.0;1.0;0.9200000000000003;0.53;0.39000000000000024;145.0;133.0;131.0;153.0;-0.02;-0.3104212829596728;0.0;0.0;0.0;131.0;1.0;
-1.0;1.0;0.9400000000000003;0.4;0.41000000000000025;146.0;135.0;140.0;153.0;-0.01;-0.22233702636773822;0.0;0.0;0.0;131.0;1.0;
-1.0;1.0;0.9600000000000003;0.4;0.5600000000000003;148.0;140.0;148.0;153.0;0.025;-0.0748696210941906;0.0;0.0;0.0;131.0;1.0;
-1.0;1.0;0.9800000000000003;0.4;0.5800000000000003;148.0;142.0;153.0;153.0;0.04;-0.009895696875352501;0.0;0.0;0.0;131.0;1.0;
-1.0;1.0;1.0;0.4;0.6;149.0;145.0;159.0;153.0;0.055;0.045083442499718;0.0;0.0;0.0;131.0;1.0;
-1.0;1.0;1.0;0.53;0.6;149.0;145.0;160.0;154.0;0.07;0.09206675399977446;0.0;0.0;0.0;131.0;1.0;
-1.0;1.0;1.0;0.53;0.47;147.0;144.0;160.0;153.0;0.075;0.10265340319981948;0.0;0.0;0.0;131.0;1.0;
-1.0;1.0;1.0;0.68;0.47;147.0;146.0;160.0;153.0;0.08;0.11212272255985554;0.0;0.0;0.0;131.0;1.0;
-1.0;1.0;1.0;0.77;0.31999999999999995;146.0;146.0;160.0;153.0;0.07;0.07569817804788445;0.0;0.0;0.0;131.0;1.0;
-1.0;1.0;1.0;0.77;0.22999999999999998;145.0;145.0;159.0;154.0;0.07;0.07455854243830767;0.0;0.0;0.0;131.0;1.0;
-1.0;1.0;1.0;0.88;0.22999999999999998;145.0;144.0;159.0;153.0;0.07;0.07364683395064611;0.0;0.0;0.0;131.0;1.0;
-1.0;1.0;1.0;0.93;0.12;144.0;146.0;159.0;153.0;0.075;0.08791746716051686;0.0;0.0;0.0;131.0;1.0;
-1.0;1.0;1.0;0.97;0.06999999999999995;143.0;144.0;160.0;153.0;0.065;0.05533397372841345;0.0;0.0;0.0;131.0;1.0;
-1.0;1.0;1.0;0.97;0.030000000000000027;143.0;144.0;159.0;153.0;0.08;0.10226717898273084;0.0;0.0;0.0;131.0;1.0;
-1.0;1.0;1.0;1.02;0.030000000000000027;143.0;145.0;160.0;153.0;0.075;0.08281374318618466;0.0;0.0;0.0;131.0;1.0;
-1.0;1.0;1.0;1.02;-0.020000000000000018;142.0;145.0;160.0;153.0;0.075;0.08125099454894764;0.0;0.0;0.0;131.0;1.0;
-1.0;1.0;1.0;1.02;-0.020000000000000018;142.0;144.0;161.0;153.0;0.075;0.08000079563915817;0.0;0.0;0.0;131.0;1.0;
-1.0;1.0;1.0;1.0;-0.020000000000000018;142.0;144.0;161.0;153.0;0.085;0.10900063651132656;0.0;0.0;0.0;131.0;1.0;
-1.0;1.0;1.0;1.03;0.0;143.0;144.0;162.0;154.0;0.085;0.10420050920906122;0.0;0.0;0.0;131.0;1.0;
-1.0;1.0;1.0;0.94;-0.030000000000000027;142.0;143.0;162.0;154.0;0.09;0.11536040736724892;0.0;0.0;0.0;131.0;1.0;
-1.0;1.0;1.0;0.94;0.06000000000000005;143.0;145.0;162.0;153.0;0.095;0.12528832589379915;0.0;0.0;0.0;131.0;1.0;
-1.0;1.0;1.0;0.87;0.06000000000000005;143.0;146.0;162.0;154.0;0.085;0.08923066071503942;0.0;0.0;0.0;131.0;1.0;
-1.0;1.0;1.0;0.87;0.13;144.0;145.0;162.0;154.0;0.08;0.07338452857203144;0.0;0.0;0.0;131.0;1.0;
-1.0;1.0;1.0;0.86;0.13;144.0;143.0;161.0;153.0;0.085;0.08970762285762525;0.0;0.0;0.0;131.0;1.0;
-1.0;1.0;1.0;0.91;0.14;144.0;145.0;160.0;154.0;0.09;0.10376609828610014;0.0;0.0;0.0;131.0;1.0;
-1.0;1.0;1.0;0.95;0.08999999999999997;143.0;145.0;153.0;153.0;0.075;0.056012878628880144;0.0;0.0;0.0;131.0;1.0;
-1.0;1.0;1.0;0.96;0.050000000000000044;143.0;141.0;141.0;153.0;0.04;-0.045189697096896;0.0;0.0;0.0;131.0;1.0;
-1.0;1.0;1.0;0.96;0.040000000000000036;143.0;137.0;136.0;153.0;0.0;-0.14815175767751676;0.0;0.0;0.0;131.0;1.0;
-1.0;1.0;1.0;0.96;0.040000000000000036;143.0;126.0;115.0;154.0;-0.005;-0.1335214061420134;0.0;0.0;0.0;131.0;1.0;
-1.0;1.0;1.0;0.93;0.040000000000000036;143.0;114.0;110.0;153.0;-0.055;-0.25781712491361075;0.0;0.0;0.0;131.0;1.0;
-1.0;1.0;1.0;0.95;0.06999999999999995;143.0;111.0;114.0;153.0;-0.02;-0.11225369993088856;0.0;0.0;0.0;131.0;1.0;
-1.0;1.0;1.0;0.96;0.050000000000000044;143.0;94.0;188.0;153.0;0.015;0.011197040055289154;0.0;0.0;0.0;131.0;1.0;
-1.0;0.79515;0.9;1.02;-0.05999999999999994;140.0;85.0;133.0;153.0;0.47;1.0;0.0;0.0;0.8499999999999999;235.0;1.0;
-1.0;1.0;0.92;1.02;-0.09999999999999998;140.0;73.0;112.0;153.0;0.24;0.5055661056353851;0.0;0.0;0.0;131.0;1.0;
-1.0;1.0;0.9400000000000001;1.05;-0.07999999999999996;141.0;71.0;134.0;153.0;0.195;0.3174528845083081;0.0;0.0;0.0;131.0;1.0;
-1.0;0.9880152826929501;0.9600000000000001;1.0;-0.08999999999999997;141.0;73.0;132.0;153.0;0.315;0.6529623076066465;0.0;0.0;0.07500000000000007;137.0;1.0;
-1.0;1.0;0.9800000000000001;0.92;-0.019999999999999907;142.0;73.0;112.0;153.0;0.295;0.5253698460853171;0.0;0.0;0.0;131.0;1.0;
-1.0;1.0;1.0;0.83;0.07999999999999996;143.0;74.0;104.0;153.0;0.195;0.17929587686825382;0.0;0.0;0.0;131.0;1.0;
-1.0;1.0;1.0;0.83;0.17000000000000004;144.0;75.0;102.0;153.0;0.15;0.04743670149460297;0.0;0.0;0.0;131.0;1.0;
-1.0;1.0;1.0;0.82;0.17000000000000004;144.0;75.0;101.0;153.0;0.135;0.022949361195682305;0.0;0.0;0.0;131.0;1.0;
-1.0;1.0;1.0;0.73;0.18000000000000005;144.0;76.0;100.0;153.0;0.13;0.030359488956545777;0.0;0.0;0.0;131.0;1.0;
-1.0;1.0;1.0;0.73;0.27;145.0;76.0;99.0;153.0;0.12;0.020287591165236596;0.0;0.0;0.0;131.0;1.0;
-1.0;1.0;1.0;0.75;0.27;145.0;78.0;98.0;153.0;0.115;0.025230072932189332;0.0;0.0;0.0;131.0;1.0;
-1.0;1.0;1.0;0.81;0.25;145.0;78.0;98.0;153.0;0.1;-0.001815941654248282;0.0;0.0;0.0;131.0;1.0;
-1.0;1.0;1.0;0.84;0.18999999999999995;144.0;79.0;97.0;153.0;0.1;0.018547246676601153;0.0;0.0;0.0;131.0;1.0;
-1.0;1.0;1.0;0.84;0.16000000000000003;144.0;79.0;96.0;154.0;0.09;0.004837797341281008;0.0;0.0;0.0;131.0;1.0;
-1.0;1.0;1.0;0.79;0.16000000000000003;144.0;80.0;96.0;153.0;0.085;0.00687023787302489;0.0;0.0;0.0;131.0;1.0;
-1.0;1.0;1.0;0.82;0.20999999999999996;145.0;80.0;95.0;153.0;0.08;0.0074961902984199;0.0;0.0;0.0;131.0;1.0;
-1.0;1.0;1.0;0.86;0.18000000000000005;144.0;81.0;95.0;153.0;0.075;0.006996952238735796;0.0;0.0;0.0;131.0;1.0;
-1.0;1.0;1.0;0.87;0.14;144.0;81.0;94.0;152.0;0.07;0.005597561790988637;0.0;0.0;0.0;131.0;1.0;
-1.0;1.0;1.0;0.89;0.13;144.0;81.0;94.0;152.0;0.065;0.003478049432790953;0.0;0.0;0.0;131.0;1.0;
-1.0;1.0;1.0;0.89;0.10999999999999999;144.0;81.0;92.0;153.0;0.065;0.015782439546232707;0.0;0.0;0.0;131.0;1.0;
-1.0;1.0;1.0;0.93;0.10999999999999999;144.0;81.0;90.0;153.0;0.055;-0.004374048363013826;0.0;0.0;0.0;131.0;1.0;
-1.0;1.0;1.0;0.95;0.06999999999999995;143.0;81.0;90.0;153.0;0.045;-0.02249923869041108;0.0;0.0;0.0;131.0;1.0;
-1.0;1.0;1.0;0.97;0.050000000000000044;143.0;81.0;90.0;153.0;0.045;-0.008999390952328837;0.0;0.0;0.0;131.0;1.0;
-1.0;1.0;1.0;0.98;0.030000000000000027;143.0;81.0;92.0;153.0;0.045;0.0018004872381369441;0.0;0.0;0.0;131.0;1.0;
-1.0;1.0;1.0;1.02;0.020000000000000018;143.0;81.0;93.0;153.0;0.055;0.0404403897905096;0.0;0.0;0.0;131.0;1.0;
-1.0;1.0;1.0;1.03;-0.020000000000000018;142.0;81.0;94.0;153.0;0.06;0.058352311832407674;0.0;0.0;0.0;131.0;1.0;
-1.0;1.0;1.0;1.04;-0.030000000000000027;142.0;81.0;94.0;153.0;0.065;0.07368184946592618;0.0;0.0;0.0;131.0;1.0;
-1.0;1.0;1.0;1.04;-0.040000000000000036;142.0;82.0;94.0;153.0;0.065;0.07194547957274083;0.0;0.0;0.0;131.0;1.0;
-1.0;1.0;1.0;1.07;-0.040000000000000036;142.0;81.0;94.0;153.0;0.06;0.05555638365819274;0.0;0.0;0.0;131.0;1.0;
-1.0;1.0;1.0;1.01;-0.07000000000000006;142.0;82.0;94.0;152.0;0.065;0.0714451069265542;0.0;0.0;0.0;131.0;1.0;
-1.0;1.0;1.0;0.92;-0.010000000000000009;142.0;82.0;93.0;152.0;0.06;0.055156085541243294;0.0;0.0;0.0;131.0;1.0;
-1.0;1.0;1.0;0.81;0.07999999999999996;143.0;82.0;93.0;153.0;0.055;0.041124868432994725;0.0;0.0;0.0;131.0;1.0;
-1.0;1.0;1.0;0.81;0.18999999999999995;144.0;82.0;93.0;153.0;0.055;0.043899894746395766;0.0;0.0;0.0;131.0;1.0;
-1.0;1.0;1.0;0.82;0.18999999999999995;144.0;82.0;92.0;152.0;0.055;0.046119915797116585;0.0;0.0;0.0;131.0;1.0;
-1.0;1.0;1.0;0.77;0.18000000000000005;144.0;82.0;91.0;153.0;0.05;0.03289593263769329;0.0;0.0;0.0;131.0;1.0;
-1.0;1.0;1.0;0.81;0.22999999999999998;145.0;82.0;91.0;152.0;0.045;0.021316746110154633;0.0;0.0;0.0;131.0;1.0;
-1.0;1.0;1.0;0.81;0.18999999999999995;144.0;82.0;91.0;152.0;0.045;0.026053396888123692;0.0;0.0;0.0;131.0;1.0;
-1.0;1.0;1.0;0.83;0.18999999999999995;144.0;82.0;91.0;153.0;0.045;0.029842717510498953;0.0;0.0;0.0;131.0;1.0;
-1.0;1.0;1.0;0.83;0.17000000000000004;144.0;82.0;91.0;152.0;0.045;0.032874174008399135;0.0;0.0;0.0;131.0;1.0;
-1.0;1.0;1.0;0.85;0.17000000000000004;144.0;82.0;90.0;152.0;0.045;0.035299339206719293;0.0;0.0;0.0;131.0;1.0;
-1.0;1.0;1.0;0.89;0.15000000000000002;144.0;82.0;90.0;152.0;0.04;0.022239471365375456;0.0;0.0;0.0;131.0;1.0;
-1.0;1.0;1.0;0.89;0.10999999999999999;144.0;82.0;87.0;152.0;0.04;0.02579157709230038;0.0;0.0;0.0;131.0;1.0;
-1.0;1.0;1.0;0.92;0.10999999999999999;144.0;81.0;84.0;151.0;0.025;-0.016366738326159695;0.0;0.0;0.0;131.0;1.0;
-1.0;1.0;1.0;0.95;0.07999999999999996;143.0;82.0;82.0;150.0;0.015;-0.038093390660927734;0.0;0.0;0.0;131.0;1.0;
-1.0;1.0;1.0;0.96;0.050000000000000044;143.0;82.0;79.0;148.0;0.0;-0.07247471252874224;0.0;0.0;0.0;131.0;1.0;
-1.0;1.0;1.0;0.99;0.040000000000000036;143.0;81.0;78.0;143.0;-0.015;-0.10297977002299379;0.0;0.0;0.0;131.0;1.0;
-1.0;1.0;1.0;1.01;0.010000000000000009;143.0;81.0;78.0;132.0;-0.015;-0.08538381601839505;0.0;0.0;0.0;131.0;1.0;
-1.0;1.0;1.0;1.03;-0.010000000000000009;142.0;81.0;78.0;124.0;-0.015;-0.07130705281471603;0.0;0.0;0.0;131.0;1.0;
-1.0;1.0;1.0;1.04;-0.030000000000000027;142.0;80.0;76.0;130.0;-0.015;-0.06004564225177283;0.0;0.0;0.0;131.0;1.0;
-1.0;1.0;1.0;1.06;-0.040000000000000036;142.0;81.0;76.0;141.0;-0.02;-0.06603651380141827;0.0;0.0;0.0;131.0;1.0;
-1.0;1.0;1.0;1.04;-0.06000000000000005;142.0;81.0;76.0;149.0;-0.025;-0.07182921104113463;0.0;0.0;0.0;131.0;1.0;
-1.0;1.0;1.0;1.01;-0.040000000000000036;142.0;80.0;77.0;150.0;-0.025;-0.062463368832907706;0.0;0.0;0.0;131.0;1.0;
-1.0;1.0;1.0;0.92;-0.010000000000000009;142.0;77.0;80.0;150.0;-0.015;-0.02497069506632614;0.0;0.0;0.0;131.0;1.0;
-1.0;1.0;1.0;0.92;0.07999999999999996;143.0;70.0;86.0;146.0;0.015;0.06702344394693907;0.0;0.0;0.0;131.0;1.0;
-1.0;1.0;1.0;0.79;0.07999999999999996;143.0;63.0;92.0;147.0;0.08;0.2516187551575513;0.0;0.0;0.0;131.0;1.0;
-1.0;1.0;1.0;0.58;0.20999999999999996;145.0;59.0;90.0;148.0;0.145;0.4122950041260409;0.0;0.0;0.0;131.0;1.0;
-1.0;1.0;1.0;0.58;0.42000000000000004;147.0;53.0;93.0;149.0;0.155;0.38883600330083284;0.0;0.0;0.0;131.0;1.0;
-1.0;1.0;1.0;0.59;0.42000000000000004;147.0;46.0;94.0;150.0;0.2;0.47706880264066637;0.0;0.0;0.0;131.0;1.0;
-1.0;1.0;1.0;0.59;0.41000000000000003;147.0;44.0;95.0;150.0;0.24;0.541655042112533;0.0;0.0;0.0;131.0;1.0;
-1.0;1.0;1.0;0.67;0.41000000000000003;147.0;41.0;96.0;150.0;0.255;0.5263240336900266;0.0;0.0;0.0;131.0;1.0;
-1.0;1.0;1.0;0.72;0.32999999999999996;146.0;42.0;97.0;150.0;0.275;0.5320592269520211;0.0;0.0;0.0;131.0;1.0;
-1.0;1.0;1.0;0.84;0.28;145.0;44.0;98.0;149.0;0.275;0.48064738156161724;0.0;0.0;0.0;131.0;1.0;
-1.0;1.0;1.0;0.84;0.16000000000000003;144.0;48.0;98.0;148.0;0.27;0.42451790524929345;0.0;0.0;0.0;131.0;1.0;
-1.0;1.0;1.0;0.91;0.16000000000000003;144.0;55.0;98.0;147.0;0.25;0.3336143241994347;0.0;0.0;0.0;131.0;1.0;
-1.0;1.0;1.0;0.99;0.08999999999999997;143.0;61.0;98.0;147.0;0.215;0.21189145935954787;0.0;0.0;0.0;131.0;1.0;
-1.0;1.0;1.0;1.02;0.010000000000000009;143.0;69.0;98.0;146.0;0.185;0.12251316748763824;0.0;0.0;0.0;131.0;1.0;
-1.0;1.0;1.0;1.01;-0.020000000000000018;142.0;71.0;98.0;146.0;0.145;0.015010533990110625;0.0;0.0;0.0;131.0;1.0;
-1.0;1.0;1.0;1.05;-0.010000000000000009;142.0;75.0;98.0;146.0;0.135;0.011008427192088388;0.0;0.0;0.0;131.0;1.0;
-1.0;1.0;1.0;1.08;-0.050000000000000044;142.0;76.0;98.0;146.0;0.115;-0.02419325824632927;0.0;0.0;0.0;131.0;1.0;
-1.0;1.0;1.0;1.1;-0.08000000000000007;142.0;76.0;98.0;145.0;0.11;-0.011354606597063319;0.0;0.0;0.0;131.0;1.0;
-1.0;1.0;1.0;1.03;-0.10000000000000009;142.0;76.0;97.0;145.0;0.11;0.012916314722349234;0.0;0.0;0.0;131.0;1.0;
-1.0;1.0;1.0;0.97;-0.030000000000000027;142.0;77.0;97.0;144.0;0.105;0.01733305177787932;0.0;0.0;0.0;131.0;1.0;
-1.0;1.0;1.0;0.88;0.030000000000000027;143.0;78.0;96.0;144.0;0.1;0.019866441422303677;0.0;0.0;0.0;131.0;1.0;
-1.0;1.0;1.0;0.83;0.12;144.0;78.0;96.0;143.0;0.09;0.005893153137842888;0.0;0.0;0.0;131.0;1.0;
-1.0;1.0;1.0;0.83;0.17000000000000004;144.0;78.0;95.0;143.0;0.09;0.022714522510274338;0.0;0.0;0.0;131.0;1.0;
-1.0;1.0;1.0;0.79;0.17000000000000004;144.0;79.0;94.0;142.0;0.085;0.021171618008219498;0.0;0.0;0.0;131.0;1.0;
-1.0;1.0;1.0;0.84;0.20999999999999996;145.0;80.0;94.0;137.0;0.075;0.003937294406575545;0.0;0.0;0.0;131.0;1.0;
-1.0;1.0;1.0;0.89;0.16000000000000003;144.0;81.0;93.0;140.0;0.07;0.0031498355252603805;0.0;0.0;0.0;131.0;1.0;
-1.0;1.0;1.0;0.88;0.10999999999999999;144.0;82.0;92.0;141.0;0.06;-0.013480131579791721;0.0;0.0;0.0;131.0;1.0;
-1.0;1.0;1.0;0.88;0.12;144.0;83.0;91.0;145.0;0.05;-0.02878410526383328;0.0;0.0;0.0;131.0;1.0;
-1.0;1.0;1.0;0.84;0.12;144.0;86.0;90.0;146.0;0.04;-0.04302728421106659;0.0;0.0;0.0;131.0;1.0;
-1.0;1.0;1.0;0.91;0.16000000000000003;144.0;86.0;89.0;149.0;0.02;-0.0864218273688533;0.0;0.0;0.0;131.0;1.0;
-1.0;1.0;1.0;0.95;0.08999999999999997;143.0;87.0;87.0;146.0;0.015;-0.08013746189508267;0.0;0.0;0.0;131.0;1.0;
-1.0;1.0;1.0;0.97;0.050000000000000044;143.0;88.0;87.0;144.0;0.0;-0.10610996951606617;0.0;0.0;0.0;131.0;1.0;
-1.0;1.0;1.0;0.97;0.030000000000000027;143.0;90.0;86.0;145.0;-0.005;-0.09988797561285297;0.0;0.0;0.0;131.0;1.0;
-1.0;1.0;1.0;1.02;0.030000000000000027;143.0;90.0;85.0;159.0;-0.02;-0.12591038049028236;0.0;0.0;0.0;131.0;1.0;
-1.0;1.0;1.0;1.02;-0.020000000000000018;142.0;93.0;84.0;152.0;-0.025;-0.1197283043922259;0.0;0.0;0.0;131.0;1.0;
-1.0;1.0;1.0;1.04;-0.020000000000000018;142.0;215.0;83.0;150.0;-0.045;-0.1607826435137807;0.0;0.0;0.0;131.0;1.0;
-1.0;0.7245;0.9;1.04;-0.14;140.0;288.0;81.0;135.0;-0.585;-1.0;0.0;0.0;1.0;20.0;1.0;
-1.0;0.7215;0.8;1.04;-0.24;137.0;336.0;80.0;114.0;-0.595;-1.0;0.0;0.0;1.0;20.0;1.0;
-1.0;0.7200000000000001;0.7200000000000001;0.96;-0.31999999999999995;135.0;352.0;79.0;133.0;-0.6;-1.0;0.0;0.0;1.0;20.0;1.0;
-1.0;0.7185;0.7185;0.96;-0.24149999999999994;136.0;357.0;79.0;136.0;-0.605;-1.0;0.0;0.0;1.0;20.0;1.0;
-1.0;0.7185;0.7185;0.87;-0.24149999999999994;136.0;353.0;77.0;138.0;-0.605;-1.0;0.0;0.0;1.0;20.0;1.0;
-1.0;0.7155;0.7155;0.81;-0.15449999999999997;137.0;355.0;76.0;139.0;-0.615;-1.0;0.0;0.0;1.0;20.0;1.0;
-1.0;0.717083349975898;0.717083349975898;0.82;-0.0929166500241021;137.0;350.0;75.0;140.0;-0.62;-0.9691665002410216;0.0;0.0;1.0;20.0;1.0;
-1.0;0.7210666799807183;0.7210666799807183;0.82;-0.09893332001928168;137.0;340.0;74.0;139.0;-0.625;-0.9143332001928173;0.0;0.0;1.0;20.0;1.0;
-1.0;0.7238533439845747;0.7238533439845747;0.71;-0.09614665601542527;137.0;335.0;73.0;139.0;-0.63;-0.8714665601542532;0.0;0.0;1.0;20.0;1.0;
-1.0;0.7256826751876597;0.7256826751876597;0.6;0.015682675187659756;139.0;306.0;72.0;139.0;-0.635;-0.8381732481234028;0.0;0.0;1.0;24.0;1.0;
-1.0;0.7267461401501278;0.7267461401501278;0.6;0.12674614015012786;140.0;272.0;71.0;139.0;-0.64;-0.8125385984987227;0.0;0.0;1.0;27.0;1.0;
-1.0;0.7271969121201022;0.7271969121201022;0.6;0.1271969121201022;140.0;260.0;72.0;139.0;-0.645;-0.7930308787989782;0.0;0.0;1.0;30.0;1.0;
-1.0;0.7331575296960817;0.7331575296960817;0.51;0.13315752969608174;140.0;251.0;71.0;140.0;-0.64;-0.7484247030391827;0.0;0.0;1.0;36.0;1.0;
-1.0;0.7323260237568654;0.7323260237568654;0.51;0.2223260237568654;141.0;245.0;72.0;141.0;-0.645;-0.741739762431346;0.0;0.0;1.0;36.0;1.0;
-1.0;0.7372608190054923;0.7372608190054923;0.4;0.22726081900549233;141.0;243.0;71.0;141.0;-0.64;-0.7073918099450766;0.0;0.0;1.0;41.0;1.0;
-1.0;0.7356086552043939;0.7356086552043939;0.4;0.33560865520439387;142.0;237.0;70.0;143.0;-0.645;-0.708913447956061;0.0;0.0;1.0;41.0;1.0;
-1.0;0.7338869241635151;0.7338869241635151;0.4;0.33388692416351506;142.0;236.0;70.0;143.0;-0.65;-0.7111307583648491;0.0;0.0;1.0;40.0;1.0;
-1.0;0.735109539330812;0.735109539330812;0.4;0.335109539330812;142.0;232.0;70.0;144.0;-0.65;-0.6989046066918797;0.0;0.0;1.0;42.0;1.0;
-1.0;0.7360876314646496;0.7360876314646496;0.4;0.3360876314646496;142.0;231.0;70.0;144.0;-0.65;-0.6891236853535038;0.0;0.0;1.0;43.0;1.0;
-1.0;0.7368701051717197;0.7368701051717197;0.4;0.33687010517171967;142.0;232.0;70.0;144.0;-0.65;-0.681298948282803;0.0;0.0;1.0;44.0;1.0;
-1.0;0.7374960841373757;0.7374960841373757;0.19;0.33749608413737564;142.0;237.0;70.0;144.0;-0.65;-0.6750391586262422;0.0;0.0;1.0;45.0;1.0;
-1.0;0.7379968673099007;0.7379968673099007;0.19;0.5479968673099007;144.0;243.0;70.0;144.0;-0.65;-0.6700313269009933;0.0;0.0;1.0;46.0;1.0;
-1.0;0.7383974938479205;0.7383974938479205;0.19;0.5483974938479206;144.0;249.0;70.0;144.0;-0.65;-0.6660250615207947;0.0;0.0;1.0;46.0;1.0;
-1.0;0.7387179950783362;0.7387179950783362;0.19;0.5487179950783363;144.0;250.0;71.0;144.0;-0.65;-0.6628200492166364;0.0;0.0;1.0;46.0;1.0;
-1.0;0.7419743960626691;0.7419743960626691;0.19;0.5519743960626691;144.0;250.0;71.0;143.0;-0.645;-0.6452560393733087;0.0;0.0;1.0;49.0;1.0;
-1.0;0.7419795168501353;0.7419795168501353;0.19;0.5519795168501354;144.0;246.0;71.0;143.0;-0.645;-0.6452048314986469;0.0;0.0;1.0;49.0;1.0;
-1.0;0.7419836134801082;0.7419836134801082;0.19;0.5519836134801082;144.0;244.0;71.0;142.0;-0.645;-0.6451638651989178;0.0;0.0;1.0;49.0;1.0;
-1.0;0.7419868907840866;0.7419868907840866;0.19;0.5519868907840866;144.0;245.0;71.0;142.0;-0.645;-0.6451310921591336;0.0;0.0;1.0;49.0;1.0;
-1.0;0.7419895126272693;0.7419895126272693;0.19;0.5519895126272694;144.0;244.0;71.0;141.0;-0.645;-0.6451048737273068;0.0;0.0;1.0;49.0;1.0;
-1.0;0.7419916101018154;0.7419916101018154;0.11;0.5519916101018154;144.0;246.0;71.0;141.0;-0.645;-0.6450838989818464;0.0;0.0;1.0;49.0;1.0;
-1.0;0.7419932880814524;0.7419932880814524;0.11;0.6319932880814524;145.0;248.0;71.0;141.0;-0.645;-0.6450671191854762;0.0;0.0;1.0;49.0;1.0;
-1.0;0.7419946304651619;0.7419946304651619;0.11;0.6319946304651619;145.0;254.0;71.0;142.0;-0.645;-0.645053695348381;0.0;0.0;1.0;49.0;1.0;
-1.0;0.7419957043721295;0.7419957043721295;0.4;0.6319957043721295;145.0;267.0;71.0;142.0;-0.645;-0.6450429562787052;0.0;0.0;1.0;49.0;1.0;
-1.0;0.7419965634977036;0.7419965634977036;0.4;0.3419965634977036;142.0;283.0;70.0;142.0;-0.645;-0.645034365022964;0.0;0.0;1.0;49.0;1.0;
-1.0;0.7389972507981628;0.7389972507981628;0.51;0.3389972507981628;142.0;293.0;70.0;143.0;-0.65;-0.6600274920183719;0.0;0.0;1.0;47.0;1.0;
-1.0;0.7391978006385302;0.7391978006385302;0.51;0.22919780063853024;141.0;299.0;71.0;144.0;-0.65;-0.6580219936146975;0.0;0.0;1.0;47.0;1.0;
-1.0;0.7423582405108242;0.7423582405108242;0.6;0.2323582405108242;141.0;305.0;71.0;144.0;-0.645;-0.6414175948917578;0.0;0.0;1.0;49.0;1.0;
-1.0;0.7422865924086594;0.7422865924086594;0.6;0.14228659240865937;140.0;309.0;71.0;143.0;-0.645;-0.6421340759134064;0.0;0.0;1.0;49.0;1.0;
-1.0;0.7422292739269275;0.7422292739269275;0.52;0.14222927392692752;140.0;309.0;71.0;144.0;-0.645;-0.6427072607307249;0.0;0.0;1.0;49.0;1.0;
-1.0;0.7421834191415421;0.7421834191415421;0.52;0.22218341914154205;141.0;317.0;71.0;144.0;-0.645;-0.6431658085845793;0.0;0.0;1.0;49.0;1.0;
-1.0;0.7421467353132336;0.7421467353132336;0.38;0.2221467353132336;141.0;327.0;71.0;145.0;-0.645;-0.6435326468676639;0.0;0.0;1.0;49.0;1.0;
-1.0;0.7421173882505869;0.7421173882505869;0.38;0.3621173882505869;142.0;334.0;71.0;145.0;-0.645;-0.6438261174941307;0.0;0.0;1.0;49.0;1.0;
-1.0;0.7420939106004695;0.7420939106004695;0.38;0.36209391060046947;142.0;339.0;71.0;145.0;-0.645;-0.6440608939953052;0.0;0.0;1.0;49.0;1.0;
-1.0;0.7420751284803756;0.7420751284803756;0.38;0.3620751284803756;142.0;345.0;71.0;145.0;-0.645;-0.6442487151962439;0.0;0.0;1.0;49.0;1.0;
-1.0;0.7420601027843005;0.7420601027843005;0.38;0.36206010278430045;142.0;350.0;71.0;145.0;-0.645;-0.6443989721569954;0.0;0.0;1.0;49.0;1.0;
-1.0;0.7420480822274403;0.7420480822274403;0.22;0.36204808222744034;142.0;355.0;71.0;146.0;-0.645;-0.6445191777255965;0.0;0.0;1.0;49.0;1.0;
-1.0;0.7420384657819523;0.7420384657819523;0.22;0.5220384657819523;144.0;358.0;72.0;147.0;-0.645;-0.6446153421804768;0.0;0.0;1.0;49.0;1.0;
-1.0;0.7450307726255618;0.7450307726255618;0.22;0.5250307726255619;144.0;361.0;72.0;147.0;-0.64;-0.6296922737443816;0.0;0.0;1.0;51.0;1.0;
-1.0;0.7448246181004496;0.7448246181004496;0.22;0.5248246181004497;144.0;364.0;73.0;148.0;-0.64;-0.6317538189955046;0.0;0.0;1.0;50.0;1.0;
-1.0;0.7476596944803596;0.7476596944803596;0.22;0.5276596944803597;144.0;366.0;73.0;148.0;-0.635;-0.6184030551964037;0.0;0.0;1.0;52.0;1.0;
-1.0;0.7473277555842877;0.7473277555842877;0.22;0.5273277555842877;144.0;367.0;74.0;148.0;-0.635;-0.6217224441571234;0.0;0.0;1.0;52.0;1.0;
-1.0;0.7500622044674301;0.7500622044674301;0.22;0.5300622044674301;144.0;365.0;74.0;147.0;-0.63;-0.6093779553256989;0.0;0.0;1.0;53.0;1.0;
-1.0;0.7496497635739441;0.7496497635739441;0.22;0.5296497635739441;144.0;361.0;74.0;147.0;-0.63;-0.6135023642605592;0.0;0.0;1.0;53.0;1.0;
-1.0;0.7493198108591552;0.7493198108591552;0.14;0.5293198108591552;144.0;357.0;75.0;146.0;-0.63;-0.6168018914084467;0.0;0.0;1.0;52.0;1.0;
-1.0;0.7520558486873242;0.7520558486873242;0.14;0.6120558486873242;145.0;349.0;74.0;144.0;-0.625;-0.6044415131267578;0.0;0.0;1.0;54.0;1.0;
-1.0;0.7486446789498593;0.7486446789498593;0.14;0.6086446789498593;145.0;342.0;75.0;144.0;-0.63;-0.6235532105014058;0.0;0.0;1.0;51.0;1.0;
-1.0;0.7515157431598875;0.7515157431598875;0.39;0.6115157431598874;145.0;342.0;76.0;144.0;-0.625;-0.6098425684011255;0.0;0.0;1.0;53.0;1.0;
-1.0;0.7542125945279101;0.7542125945279101;0.39;0.3642125945279101;142.0;343.0;76.0;143.0;-0.62;-0.5978740547208999;0.0;0.0;1.0;55.0;1.0;
-1.0;0.753770075622328;0.753770075622328;0.49;0.363770075622328;142.0;347.0;76.0;143.0;-0.62;-0.60229924377672;0.0;0.0;1.0;54.0;1.0;
-1.0;0.7534160604978624;0.7534160604978624;0.49;0.26341606049786237;141.0;348.0;76.0;143.0;-0.62;-0.6058393950213764;0.0;0.0;1.0;54.0;1.0;
-1.0;0.75313284839829;0.75313284839829;0.58;0.26313284839829;141.0;349.0;77.0;144.0;-0.62;-0.6086715160171002;0.0;0.0;1.0;53.0;1.0;
-1.0;0.7559062787186319;0.7559062787186319;0.58;0.17590627871863196;141.0;346.0;78.0;144.0;-0.615;-0.5959372128136808;0.0;0.0;1.0;55.0;1.0;
-1.0;0.7585250229749054;0.7585250229749054;0.55;0.17852502297490547;141.0;340.0;79.0;145.0;-0.61;-0.5847497702509447;0.0;0.0;1.0;56.0;1.0;
-1.0;0.7610200183799244;0.7610200183799244;0.55;0.21102001837992435;141.0;329.0;79.0;145.0;-0.605;-0.5747998162007562;0.0;0.0;1.0;58.0;1.0;
-1.0;0.7604160147039396;0.7604160147039396;0.4;0.21041601470393956;141.0;315.0;80.0;145.0;-0.605;-0.580839852960604;0.0;0.0;1.0;57.0;1.0;
-1.0;0.7629328117631518;0.7629328117631518;0.4;0.36293281176315173;143.0;242.0;81.0;146.0;-0.6;-0.5706718823684837;0.0;0.0;1.0;58.0;1.0;
-1.0;0.7653462494105213;0.7653462494105213;0.4;0.3653462494105213;143.0;140.0;82.0;147.0;-0.595;-0.5615375058947869;0.0;0.0;1.0;59.0;1.0;
-1.0;1.0;0.7853462494105213;0.4;0.3853462494105213;143.0;114.0;83.0;147.0;-0.29;0.3467699952841699;0.0;0.0;0.0;131.0;1.0;
-1.0;1.0;0.8053462494105214;0.3;0.40534624941052133;144.0;111.0;83.0;147.0;-0.155;0.6244159962273361;0.0;0.0;0.0;131.0;1.0;
-1.0;1.0;0.8253462494105214;0.3;0.5253462494105214;145.0;104.0;83.0;147.0;-0.14;0.5135327969818694;0.0;0.0;0.0;131.0;1.0;
-1.0;1.0;0.8453462494105214;0.3;0.5453462494105215;146.0;98.0;83.0;147.0;-0.105;0.48782623758549537;0.0;0.0;0.0;131.0;1.0;
-1.0;1.0;0.8653462494105214;0.31;0.5653462494105215;146.0;90.0;85.0;147.0;-0.075;0.45926099006839644;0.0;0.0;0.0;131.0;1.0;
-1.0;1.0;0.8853462494105214;0.31;0.5753462494105215;147.0;87.0;86.0;146.0;-0.025;0.5024087920547171;0.0;0.0;0.0;131.0;1.0;
-1.0;1.0;0.9053462494105214;0.45;0.5953462494105215;147.0;85.0;86.0;145.0;-0.005;0.4569270336437739;0.0;0.0;0.0;131.0;1.0;
-1.0;1.0;0.9253462494105215;0.45;0.47534624941052145;146.0;84.0;87.0;145.0;0.005;0.394541626915019;0.0;0.0;0.0;131.0;1.0;
-1.0;1.0;0.9453462494105215;0.59;0.49534624941052147;147.0;83.0;88.0;145.0;0.015;0.34663330153201544;0.0;0.0;0.0;131.0;1.0;
-1.0;1.0;0.9653462494105215;0.59;0.3753462494105215;146.0;83.0;89.0;145.0;0.025;0.31030664122561236;0.0;0.0;0.0;131.0;1.0;
-1.0;1.0;0.9853462494105215;0.71;0.39534624941052154;146.0;83.0;89.0;145.0;0.03;0.2682453129804898;0.0;0.0;0.0;131.0;1.0;
-1.0;1.0;1.0;0.8;0.29000000000000004;145.0;81.0;90.0;145.0;0.03;0.22059625038439187;0.0;0.0;0.0;131.0;1.0;
-1.0;1.0;1.0;0.89;0.19999999999999996;145.0;80.0;90.0;144.0;0.045;0.2274770003075135;0.0;0.0;0.0;131.0;1.0;
-1.0;1.0;1.0;0.96;0.10999999999999999;144.0;79.0;91.0;144.0;0.05;0.2059816002460108;0.0;0.0;0.0;131.0;1.0;
-1.0;1.0;1.0;0.99;0.040000000000000036;143.0;78.0;92.0;144.0;0.06;0.20478528019680864;0.0;0.0;0.0;131.0;1.0;
-1.0;1.0;1.0;1.03;0.010000000000000009;143.0;77.0;93.0;144.0;0.07;0.20582822415744692;0.0;0.0;0.0;131.0;1.0;
-1.0;1.0;1.0;1.05;-0.030000000000000027;142.0;77.0;94.0;144.0;0.08;0.20866257932595755;0.0;0.0;0.0;131.0;1.0;
-1.0;1.0;1.0;1.09;-0.050000000000000044;142.0;76.0;95.0;144.0;0.085;0.19793006346076608;0.0;0.0;0.0;131.0;1.0;
-1.0;1.0;1.0;1.07;-0.09000000000000008;142.0;76.0;95.0;144.0;0.095;0.20534405076861284;0.0;0.0;0.0;131.0;1.0;
-1.0;1.0;1.0;1.06;-0.07000000000000006;142.0;73.0;96.0;144.0;0.095;0.1832752406148903;0.0;0.0;0.0;131.0;1.0;
-1.0;1.0;1.0;1.06;-0.06000000000000005;142.0;73.0;96.0;145.0;0.115;0.22562019249191229;0.0;0.0;0.0;131.0;1.0;
-1.0;1.0;1.0;0.97;-0.06000000000000005;142.0;72.0;97.0;145.0;0.115;0.20349615399352972;0.0;0.0;0.0;131.0;1.0;
-1.0;1.0;1.0;0.9;0.030000000000000027;143.0;72.0;98.0;144.0;0.125;0.21579692319482371;0.0;0.0;0.0;131.0;1.0;
-1.0;1.0;1.0;0.82;0.09999999999999998;144.0;71.0;99.0;145.0;0.13;0.2126375385558592;0.0;0.0;0.0;131.0;1.0;
-1.0;1.0;1.0;0.85;0.18000000000000005;144.0;70.0;99.0;145.0;0.14;0.22611003084468717;0.0;0.0;0.0;131.0;1.0;
-1.0;1.0;1.0;0.85;0.15000000000000002;144.0;70.0;100.0;145.0;0.145;0.22388802467574978;0.0;0.0;0.0;131.0;1.0;
-1.0;1.0;1.0;0.75;0.15000000000000002;144.0;70.0;101.0;146.0;0.15;0.2231104197405999;0.0;0.0;0.0;131.0;1.0;
-1.0;1.0;1.0;0.74;0.25;145.0;69.0;101.0;146.0;0.155;0.22348833579247981;0.0;0.0;0.0;131.0;1.0;
-1.0;1.0;1.0;0.79;0.26;145.0;67.0;101.0;146.0;0.16;0.22479066863398386;0.0;0.0;0.0;131.0;1.0;
-1.0;1.0;1.0;0.79;0.20999999999999996;145.0;66.0;102.0;146.0;0.17;0.24183253490718717;0.0;0.0;0.0;131.0;1.0;
-1.0;1.0;1.0;0.87;0.20999999999999996;145.0;65.0;104.0;146.0;0.18;0.2574660279257497;0.0;0.0;0.0;131.0;1.0;
-1.0;1.0;1.0;0.87;0.13;144.0;65.0;105.0;146.0;0.195;0.28697282234059995;0.0;0.0;0.0;131.0;1.0;
-1.0;1.0;1.0;0.85;0.13;144.0;64.0;107.0;146.0;0.2;0.28357825787247976;0.0;0.0;0.0;131.0;1.0;
-1.0;1.0;1.0;0.89;0.15000000000000002;144.0;64.0;109.0;146.0;0.215;0.3118626062979838;0.0;0.0;0.0;131.0;1.0;
-1.0;1.0;1.0;0.95;0.10999999999999999;144.0;63.0;110.0;146.0;0.225;0.3224900850383873;0.0;0.0;0.0;131.0;1.0;
-1.0;1.0;1.0;0.98;0.050000000000000044;143.0;62.0;114.0;145.0;0.235;0.33299206803070974;0.0;0.0;0.0;131.0;1.0;
-1.0;1.0;1.0;0.98;0.020000000000000018;143.0;62.0;118.0;145.0;0.26;0.38839365442456786;0.0;0.0;0.0;131.0;1.0;
-1.0;1.0;1.0;0.97;0.020000000000000018;143.0;62.0;130.0;145.0;0.28;0.4227149235396541;0.0;0.0;0.0;131.0;1.0;
-1.0;0.9681165612233655;0.9681165612233655;0.99;-0.0018834387766344385;142.0;62.0;142.0;145.0;0.34;0.5741719388317235;0.0;0.0;0.20000000000000018;146.0;1.0;
-1.0;0.904633122446731;0.904633122446731;1.02;-0.085366877553269;140.0;60.0;145.0;145.0;0.4;0.707337551065379;0.0;0.0;0.5000000000000001;176.0;1.0;
-1.0;0.8752581224467311;0.8752581224467311;1.05;-0.14474187755326895;139.0;59.0;138.0;145.0;0.425;0.720870040852303;0.0;0.0;0.625;188.0;1.0;
-1.0;0.9165569384476124;0.8952581224467311;1.01;-0.15474187755326896;139.0;57.0;118.0;145.0;0.395;0.5716960326818423;0.0;0.0;0.47500000000000014;166.0;1.0;
-1.0;0.9970466079346363;0.9152581224467311;0.9;-0.0947418775532689;140.0;57.0;111.0;144.0;0.305;0.2663568261454738;0.0;0.0;0.025000000000000022;132.0;1.0;
-1.0;1.0;0.9352581224467311;0.82;0.0352581224467311;142.0;56.0;111.0;144.0;0.27;0.16908546091637922;0.0;0.0;0.0;131.0;1.0;
-1.0;1.0;0.9552581224467311;0.82;0.1352581224467312;143.0;57.0;112.0;144.0;0.275;0.2042683687331035;0.0;0.0;0.0;131.0;1.0;
-1.0;1.0;0.9752581224467312;0.78;0.1552581224467312;144.0;56.0;112.0;145.0;0.275;0.2184146949864827;0.0;0.0;0.0;131.0;1.0;
-1.0;1.0;0.9952581224467312;0.76;0.21525812244673115;145.0;56.0;112.0;145.0;0.28;0.24473175598918628;0.0;0.0;0.0;131.0;1.0;
-1.0;1.0;1.0;0.76;0.24;145.0;57.0;111.0;145.0;0.28;0.25178540479134903;0.0;0.0;0.0;131.0;1.0;
-1.0;1.0;1.0;0.64;0.24;145.0;56.0;112.0;145.0;0.27;0.2274283238330791;0.0;0.0;0.0;131.0;1.0;
-1.0;1.0;1.0;0.64;0.36;146.0;56.0;112.0;145.0;0.28;0.26594265906646297;0.0;0.0;0.0;131.0;1.0;
-1.0;1.0;1.0;0.64;0.36;146.0;56.0;110.0;145.0;0.28;0.2687541272531705;0.0;0.0;0.0;131.0;1.0;
-1.0;1.0;1.0;0.73;0.36;146.0;54.0;109.0;145.0;0.27;0.24100330180253626;0.0;0.0;0.0;131.0;1.0;
-1.0;1.0;1.0;0.8;0.27;145.0;55.0;107.0;145.0;0.275;0.26180264144202914;0.0;0.0;0.0;131.0;1.0;
-1.0;1.0;1.0;0.82;0.19999999999999996;145.0;55.0;103.0;144.0;0.26;0.21944211315362316;0.0;0.0;0.0;131.0;1.0;
-1.0;1.0;1.0;0.89;0.18000000000000005;144.0;55.0;98.0;144.0;0.24;0.16755369052289892;0.0;0.0;0.0;131.0;1.0;
-1.0;1.0;1.0;0.89;0.10999999999999999;144.0;53.0;94.0;144.0;0.215;0.10704295241831899;0.0;0.0;0.0;131.0;1.0;
-1.0;1.0;1.0;0.96;0.10999999999999999;144.0;53.0;88.0;144.0;0.205;0.09863436193465533;0.0;0.0;0.0;131.0;1.0;
-1.0;1.0;1.0;0.99;0.040000000000000036;143.0;54.0;85.0;144.0;0.175;0.029907489547723987;0.0;0.0;0.0;131.0;1.0;
-1.0;1.0;1.0;1.0;0.010000000000000009;143.0;52.0;80.0;144.0;0.155;-0.0010740083618206164;0.0;0.0;0.0;131.0;1.0;
-1.0;1.0;1.0;1.03;0.0;143.0;51.0;77.0;144.0;0.14;-0.014859206689456617;0.0;0.0;0.0;131.0;1.0;
-1.0;1.0;1.0;1.04;-0.030000000000000027;142.0;50.0;77.0;144.0;0.13;-0.013887365351565428;0.0;0.0;0.0;131.0;1.0;
-1.0;1.0;1.0;1.07;-0.040000000000000036;142.0;50.0;77.0;144.0;0.135;0.029890107718747894;0.0;0.0;0.0;131.0;1.0;
-1.0;1.0;1.0;1.07;-0.07000000000000006;142.0;52.0;77.0;144.0;0.135;0.05091208617499804;0.0;0.0;0.0;131.0;1.0;
-1.0;1.0;1.0;1.1;-0.07000000000000006;142.0;50.0;77.0;144.0;0.125;0.03772966893999852;0.0;0.0;0.0;131.0;1.0;
-1.0;1.0;1.0;1.07;-0.10000000000000009;142.0;50.0;78.0;143.0;0.135;0.08518373515199895;0.0;0.0;0.0;131.0;1.0;
-1.0;1.0;1.0;0.99;-0.07000000000000006;142.0;50.0;80.0;143.0;0.14;0.11014698812159901;0.0;0.0;0.0;131.0;1.0;
-1.0;1.0;1.0;0.89;0.010000000000000009;143.0;52.0;81.0;143.0;0.15;0.14611759049727932;0.0;0.0;0.0;131.0;1.0;
-1.0;1.0;1.0;0.85;0.10999999999999999;144.0;52.0;82.0;143.0;0.145;0.13189407239782333;0.0;0.0;0.0;131.0;1.0;
-1.0;1.0;1.0;0.86;0.15000000000000002;144.0;49.0;83.0;143.0;0.15;0.14951525791825862;0.0;0.0;0.0;131.0;1.0;
-1.0;1.0;1.0;0.86;0.14;144.0;50.0;84.0;143.0;0.17;0.20961220633460717;0.0;0.0;0.0;131.0;1.0;
-1.0;1.0;1.0;0.82;0.14;144.0;50.0;84.0;143.0;0.17;0.20168976506768563;0.0;0.0;0.0;131.0;1.0;
-1.0;1.0;1.0;0.86;0.18000000000000005;144.0;50.0;84.0;143.0;0.17;0.1953518120541485;0.0;0.0;0.0;131.0;1.0;
-1.0;1.0;1.0;0.9;0.14;144.0;52.0;84.0;143.0;0.17;0.19028144964331875;0.0;0.0;0.0;131.0;1.0;
-1.0;1.0;1.0;0.89;0.09999999999999998;144.0;51.0;85.0;142.0;0.16;0.1562251597146551;0.0;0.0;0.0;131.0;1.0;
-1.0;1.0;1.0;0.89;0.10999999999999999;144.0;51.0;85.0;142.0;0.17;0.1869801277717241;0.0;0.0;0.0;131.0;1.0;
-1.0;1.0;1.0;0.9;0.10999999999999999;144.0;51.0;85.0;143.0;0.17;0.1835841022173791;0.0;0.0;0.0;131.0;1.0;
-1.0;1.0;1.0;0.93;0.09999999999999998;144.0;51.0;85.0;143.0;0.17;0.18086728177390335;0.0;0.0;0.0;131.0;1.0;
-1.0;1.0;1.0;0.97;0.06999999999999995;143.0;50.0;85.0;143.0;0.17;0.17869382541912268;0.0;0.0;0.0;131.0;1.0;
-1.0;1.0;1.0;0.99;0.030000000000000027;143.0;50.0;85.0;143.0;0.175;0.1919550603352983;0.0;0.0;0.0;131.0;1.0;
-1.0;1.0;1.0;1.03;0.010000000000000009;143.0;50.0;85.0;142.0;0.175;0.18856404826823864;0.0;0.0;0.0;131.0;1.0;
-1.0;1.0;1.0;0.98;-0.030000000000000027;142.0;50.0;85.0;143.0;0.175;0.1858512386145909;0.0;0.0;0.0;131.0;1.0;
-1.0;1.0;1.0;0.92;0.020000000000000018;143.0;50.0;85.0;143.0;0.175;0.18368099089167267;0.0;0.0;0.0;131.0;1.0;
-1.0;1.0;1.0;0.97;0.07999999999999996;143.0;50.0;85.0;143.0;0.175;0.18194479271333813;0.0;0.0;0.0;131.0;1.0;
-1.0;1.0;1.0;0.99;0.030000000000000027;143.0;50.0;87.0;143.0;0.175;0.18055583417067045;0.0;0.0;0.0;131.0;1.0;
-1.0;1.0;1.0;0.91;0.010000000000000009;143.0;49.0;89.0;143.0;0.185;0.20944466733653644;0.0;0.0;0.0;131.0;1.0;
-1.0;1.0;1.0;0.95;0.08999999999999997;143.0;51.0;91.0;143.0;0.2;0.24955573386922902;0.0;0.0;0.0;131.0;1.0;
-1.0;1.0;1.0;0.95;0.050000000000000044;143.0;50.0;94.0;143.0;0.2;0.23964458709538322;0.0;0.0;0.0;131.0;1.0;
-1.0;1.0;1.0;0.9;0.050000000000000044;143.0;49.0;97.0;143.0;0.22;0.2917156696763066;0.0;0.0;0.0;131.0;1.0;
-1.0;1.0;1.0;0.94;0.09999999999999998;144.0;48.0;99.0;143.0;0.24;0.3373725357410454;0.0;0.0;0.0;131.0;1.0;
-1.0;1.0;1.0;0.97;0.06000000000000005;143.0;49.0;104.0;143.0;0.255;0.36289802859283604;0.0;0.0;0.0;131.0;1.0;
-1.0;1.0;1.0;1.02;0.030000000000000027;143.0;49.0;110.0;143.0;0.275;0.4013184228742692;0.0;0.0;0.0;131.0;1.0;
-1.0;0.9965473631542514;0.9965473631542514;0.96;-0.02345263684574861;142.0;47.0;113.0;143.0;0.305;0.46605473829941513;0.0;0.0;0.025000000000000022;132.0;1.0;
-1.0;0.977517343140407;0.977517343140407;0.94;0.017517343140406982;142.0;49.0;122.0;143.0;0.33;0.5088437906395321;0.0;0.0;0.15000000000000013;141.0;1.0;
-1.0;0.9456250614433721;0.9456250614433721;0.86;0.005625061443372159;142.0;48.0;132.0;143.0;0.365;0.578075032511626;0.0;0.0;0.325;155.0;1.0;
-1.0;0.8823723984394419;0.8823723984394419;0.86;0.022372398439441943;141.0;48.0;133.0;143.0;0.42;0.7004600260093004;0.0;0.0;0.6;185.0;1.0;
-1.0;0.879101998699535;0.879101998699535;0.78;0.019101998699534994;141.0;48.0;135.0;143.0;0.425;0.6593680208074406;0.0;0.0;0.625;184.0;1.0;
-1.0;0.8685441268763983;0.8685441268763983;0.67;0.08854412687639823;141.0;48.0;135.0;143.0;0.435;0.6424944166459525;0.0;0.0;0.675;186.0;1.0;
-1.0;0.8713453015011186;0.8713453015011186;0.67;0.2013453015011185;143.0;49.0;135.0;143.0;0.435;0.6009955333167623;0.0;0.0;0.675;183.0;1.0;
-1.0;0.8802182322675284;0.8802182322675284;0.66;0.21021823226752834;143.0;49.0;122.0;143.0;0.43;0.5527964266534098;0.0;0.0;0.65;177.0;1.0;
-1.0;0.9535822929070114;0.9002182322675284;0.66;0.24021823226752836;143.0;49.0;103.0;143.0;0.365;0.33323714132272775;0.0;0.0;0.325;145.0;1.0;
-1.0;1.0;0.9202182322675284;0.56;0.2602182322675284;144.0;48.0;99.0;144.0;0.27;0.054589713058182165;0.0;0.0;0.0;131.0;1.0;
-1.0;1.0;0.9402182322675284;0.56;0.3802182322675284;145.0;47.0;94.0;145.0;0.255;0.052671770446545474;0.0;0.0;0.0;131.0;1.0;
-1.0;1.0;0.9602182322675284;0.53;0.4002182322675284;146.0;47.0;91.0;145.0;0.235;0.033137416357235994;0.0;0.0;0.0;131.0;1.0;
-1.0;1.0;0.9802182322675285;0.53;0.45021823226752844;147.0;47.0;90.0;146.0;0.22;0.02850993308578889;0.0;0.0;0.0;131.0;1.0;
-1.0;1.0;1.0;0.64;0.47;147.0;48.0;89.0;146.0;0.215;0.05180794646863143;0.0;0.0;0.0;131.0;1.0;
-1.0;1.0;1.0;0.7;0.36;146.0;50.0;88.0;146.0;0.205;0.05444635717490523;0.0;0.0;0.0;131.0;1.0;
-1.0;1.0;1.0;0.71;0.30000000000000004;146.0;51.0;88.0;147.0;0.19;0.0395570857399245;0.0;0.0;0.0;131.0;1.0;
-1.0;1.0;1.0;0.71;0.29000000000000004;145.0;50.0;87.0;147.0;0.185;0.054645668591939256;0.0;0.0;0.0;131.0;1.0;
-1.0;1.0;1.0;0.83;0.29000000000000004;145.0;50.0;87.0;147.0;0.185;0.08071653487355124;0.0;0.0;0.0;131.0;1.0;
-1.0;1.0;1.0;0.91;0.17000000000000004;144.0;50.0;87.0;147.0;0.185;0.1015732278988411;0.0;0.0;0.0;131.0;1.0;
-1.0;1.0;1.0;0.97;0.08999999999999997;143.0;49.0;87.0;147.0;0.185;0.11825858231907277;0.0;0.0;0.0;131.0;1.0;
-1.0;1.0;1.0;0.97;0.030000000000000027;143.0;49.0;87.0;147.0;0.19;0.1466068658552584;0.0;0.0;0.0;131.0;1.0;
-1.0;1.0;1.0;1.02;0.030000000000000027;143.0;49.0;87.0;147.0;0.19;0.1552854926842066;0.0;0.0;0.0;131.0;1.0;
-1.0;1.0;1.0;1.04;-0.020000000000000018;142.0;49.0;87.0;147.0;0.19;0.16222839414736523;0.0;0.0;0.0;131.0;1.0;
-1.0;1.0;1.0;1.05;-0.040000000000000036;142.0;49.0;86.0;147.0;0.19;0.16778271531789218;0.0;0.0;0.0;131.0;1.0;
-1.0;1.0;1.0;1.05;-0.050000000000000044;142.0;49.0;86.0;147.0;0.185;0.15722617225431373;0.0;0.0;0.0;131.0;1.0;
-1.0;1.0;1.0;1.06;-0.050000000000000044;142.0;49.0;88.0;146.0;0.185;0.162780937803451;0.0;0.0;0.0;131.0;1.0;
-1.0;1.0;1.0;0.96;-0.06000000000000005;142.0;49.0;93.0;147.0;0.195;0.19722475024276082;0.0;0.0;0.0;131.0;1.0;
-1.0;1.0;1.0;0.88;0.040000000000000036;143.0;48.0;98.0;146.0;0.22;0.2717798001942088;0.0;0.0;0.0;131.0;1.0;
-1.0;1.0;1.0;0.88;0.12;144.0;49.0;103.0;146.0;0.25;0.35142384015536715;0.0;0.0;0.0;131.0;1.0;
-1.0;1.0;1.0;0.8;0.12;144.0;51.0;126.0;146.0;0.27;0.39113907212429333;0.0;0.0;0.0;131.0;1.0;
-1.0;0.9322408278362712;0.9322408278362712;0.88;0.1322408278362711;143.0;49.0;142.0;146.0;0.375;0.6819112576994348;0.0;0.0;0.37500000000000006;164.0;1.0;
-1.0;0.8114438569918373;0.8322408278362712;0.93;-0.047759172163728825;140.0;48.0;154.0;145.0;0.465;0.8905290061595479;0.0;0.0;0.8250000000000002;225.0;1.0;
-1.0;0.741;0.741;0.94;-0.18900000000000006;137.0;48.0;161.0;145.0;0.53;1.0;0.0;0.0;1.0;235.0;1.0;
-1.0;0.7305;0.7305;0.94;-0.2094999999999999;136.0;48.0;162.0;144.0;0.565;1.0;0.0;0.0;1.0;235.0;1.0;
-1.0;0.7352929148846311;0.7352929148846311;0.87;-0.20470708511536884;136.0;48.0;164.0;144.0;0.57;0.9370708511536885;0.0;0.0;1.0;235.0;1.0;
-1.0;0.736634331907705;0.736634331907705;0.83;-0.133365668092295;137.0;47.0;165.0;143.0;0.58;0.8936566809229507;0.0;0.0;1.0;235.0;1.0;
-1.0;0.7369074655261638;0.7369074655261638;0.74;-0.09309253447383614;138.0;48.0;171.0;143.0;0.59;0.8609253447383608;0.0;0.0;1.0;235.0;1.0;
-1.0;0.7273259724209311;0.7273259724209311;0.74;-0.01267402757906888;138.0;46.0;174.0;143.0;0.615;0.8817402757906884;0.0;0.0;1.0;235.0;1.0;
-1.0;0.717660777936745;0.717660777936745;0.71;-0.022339222063255004;138.0;46.0;186.0;143.0;0.64;0.9033922206325512;0.0;0.0;1.0;235.0;1.0;
-1.0;0.6900000000000001;0.6900000000000001;0.64;-0.019999999999999907;138.0;47.0;193.0;143.0;0.7;1.0;0.0;0.0;1.0;235.0;1.0;
-1.0;0.681;0.681;0.64;0.041000000000000036;138.0;45.0;208.0;143.0;0.73;1.0;0.0;0.0;1.0;235.0;1.0;
-1.0;0.6675000000000001;0.6675000000000001;0.52;0.02750000000000008;138.0;47.0;231.0;143.0;0.775;1.0;0.0;0.0;1.0;235.0;1.0;
-1.0;0.6705;0.6705;0.52;0.15049999999999997;139.0;46.0;248.0;142.0;0.765;1.0;0.0;0.0;1.0;235.0;1.0;
-1.0;0.6702219637143125;0.6702219637143125;0.52;0.1502219637143125;139.0;46.0;276.0;143.0;0.77;0.9877803628568742;0.0;0.0;1.0;235.0;1.0;
-1.0;0.6745775709714501;0.6745775709714501;0.37;0.15457757097145008;139.0;46.0;287.0;143.0;0.77;0.9442242902854996;0.0;0.0;1.0;235.0;1.0;
-1.0;0.67806205677716;0.67806205677716;0.37;0.30806205677716003;141.0;46.0;291.0;144.0;0.77;0.9093794322283992;0.0;0.0;1.0;235.0;1.0;
-1.0;0.6808496454217281;0.6808496454217281;0.37;0.3108496454217281;141.0;46.0;292.0;144.0;0.77;0.8815035457827196;0.0;0.0;1.0;235.0;1.0;
-1.0;0.6830797163373825;0.6830797163373825;0.37;0.3130797163373825;141.0;46.0;295.0;144.0;0.77;0.8592028366261755;0.0;0.0;1.0;235.0;1.0;
-1.0;0.6848637730699059;0.6848637730699059;0.37;0.3148637730699059;141.0;46.0;297.0;144.0;0.77;0.8413622693009408;0.0;0.0;1.0;235.0;1.0;
-1.0;0.6862910184559248;0.6862910184559248;0.37;0.3162910184559248;141.0;46.0;298.0;144.0;0.77;0.8270898154407529;0.0;0.0;1.0;235.0;1.0;
-1.0;0.6874328147647397;0.6874328147647397;0.37;0.3174328147647397;141.0;46.0;298.0;144.0;0.77;0.8156718523526023;0.0;0.0;1.0;235.0;1.0;
-1.0;0.6883462518117918;0.6883462518117918;0.37;0.31834625181179177;141.0;45.0;301.0;145.0;0.77;0.8065374818820819;0.0;0.0;1.0;234.0;1.0;
-1.0;0.6860770014494335;0.6860770014494335;0.37;0.3160770014494335;141.0;46.0;306.0;145.0;0.775;0.8142299855056655;0.0;0.0;1.0;235.0;1.0;
-1.0;0.6898616011595469;0.6898616011595469;0.37;0.31986160115954687;141.0;46.0;307.0;145.0;0.77;0.791383988404532;0.0;0.0;1.0;232.0;1.0;
-1.0;0.6902892809276373;0.6902892809276373;0.37;0.3202892809276373;141.0;46.0;301.0;145.0;0.77;0.7871071907236264;0.0;0.0;1.0;231.0;1.0;
-1.0;0.6906314247421099;0.6906314247421099;0.37;0.3206314247421099;141.0;46.0;290.0;145.0;0.77;0.7836857525789003;0.0;0.0;1.0;231.0;1.0;
-1.0;0.6909051397936878;0.6909051397936878;0.37;0.32090513979368784;141.0;47.0;202.0;145.0;0.77;0.7809486020631211;0.0;0.0;1.0;231.0;1.0;
-1.0;0.6941241118349503;0.6941241118349503;0.37;0.32412411183495027;141.0;47.0;122.0;144.0;0.765;0.7637588816504969;0.0;0.0;1.0;228.0;1.0;
-1.0;0.9425877664495148;0.7141241118349503;0.37;0.3441241118349503;142.0;48.0;112.0;145.0;0.375;-0.4059928946796041;0.0;0.0;0.37500000000000006;112.0;1.0;
-1.0;0.9862520568425631;0.7341241118349503;0.37;0.3641241118349503;142.0;49.0;103.0;145.0;0.32;-0.41479431574368314;0.0;0.0;0.10000000000000009;126.0;1.0;
-1.0;1.0;0.7541241118349503;0.37;0.3841241118349503;143.0;48.0;100.0;146.0;0.27;-0.4178354525949459;0.0;0.0;0.0;131.0;1.0;
-1.0;1.0;0.7741241118349503;0.37;0.40412411183495034;143.0;48.0;92.0;146.0;0.26;-0.31026836207595687;0.0;0.0;0.0;131.0;1.0;
-1.0;1.0;0.7941241118349504;0.37;0.42412411183495036;144.0;48.0;87.0;147.0;0.22;-0.3162146896607656;0.0;0.0;0.0;131.0;1.0;
-1.0;1.0;0.8141241118349504;0.37;0.4441241118349504;144.0;48.0;83.0;147.0;0.195;-0.2839717517286124;0.0;0.0;0.0;131.0;1.0;
-1.0;1.0;0.8341241118349504;0.05;0.4641241118349504;145.0;48.0;82.0;147.0;0.175;-0.24817740138288985;0.0;0.0;0.0;131.0;1.0;
-1.0;1.0;0.8541241118349504;0.05;0.8041241118349504;148.0;48.0;83.0;147.0;0.17;-0.17854192110631176;0.0;0.0;0.0;131.0;1.0;
-1.0;1.0;0.8741241118349504;0.05;0.8241241118349504;149.0;49.0;83.0;147.0;0.175;-0.09383353688504975;0.0;0.0;0.0;131.0;1.0;
-1.0;1.0;0.8941241118349504;0.05;0.8441241118349504;149.0;48.0;83.0;147.0;0.17;-0.0550668295080399;0.0;0.0;0.0;131.0;1.0;
-1.0;1.0;0.9141241118349505;0.29;0.8641241118349504;150.0;48.0;83.0;147.0;0.175;0.0049465363935684015;0.0;0.0;0.0;131.0;1.0;
-1.0;1.0;0.9341241118349505;0.29;0.6441241118349506;148.0;48.0;81.0;147.0;0.175;0.03895722911485472;0.0;0.0;0.0;131.0;1.0;
-1.0;1.0;0.9541241118349505;0.58;0.6641241118349506;148.0;47.0;80.0;148.0;0.165;0.03616578329188366;0.0;0.0;0.0;131.0;1.0;
-1.0;1.0;0.9741241118349505;0.78;0.39412411183495055;146.0;47.0;77.0;148.0;0.165;0.06193262663350699;0.0;0.0;0.0;131.0;1.0;
-1.0;1.0;0.9941241118349505;0.91;0.2141241118349505;145.0;48.0;76.0;148.0;0.15;0.03754610130680555;0.0;0.0;0.0;131.0;1.0;
-1.0;1.0;1.0;0.99;0.08999999999999997;143.0;47.0;76.0;148.0;0.14;0.030036881045444497;0.0;0.0;0.0;131.0;1.0;
-1.0;1.0;1.0;1.1;0.010000000000000009;143.0;47.0;75.0;148.0;0.145;0.06702950483635547;0.0;0.0;0.0;131.0;1.0;
-1.0;1.0;1.0;1.11;-0.10000000000000009;142.0;48.0;75.0;148.0;0.14;0.06762360386908434;0.0;0.0;0.0;131.0;1.0;
-1.0;1.0;1.0;1.13;-0.1100000000000001;141.0;48.0;74.0;148.0;0.135;0.06709888309526751;0.0;0.0;0.0;131.0;1.0;
-1.0;1.0;1.0;1.13;-0.1299999999999999;141.0;48.0;74.0;148.0;0.13;0.065679106476214;0.0;0.0;0.0;131.0;1.0;
-1.0;1.0;1.0;1.16;-0.1299999999999999;141.0;48.0;75.0;147.0;0.13;0.07854328518097131;0.0;0.0;0.0;131.0;1.0;
-1.0;1.0;1.0;1.11;-0.15999999999999992;141.0;47.0;75.0;147.0;0.135;0.10383462814477706;0.0;0.0;0.0;131.0;1.0;
-1.0;1.0;1.0;1.04;-0.1100000000000001;141.0;48.0;78.0;147.0;0.14;0.1250677025158216;0.0;0.0;0.0;131.0;1.0;
-1.0;1.0;1.0;0.94;-0.040000000000000036;142.0;48.0;80.0;147.0;0.15;0.1580541620126573;0.0;0.0;0.0;131.0;1.0;
-1.0;1.0;1.0;0.89;0.06000000000000005;143.0;49.0;80.0;147.0;0.16;0.18644332961012575;0.0;0.0;0.0;131.0;1.0;
-1.0;1.0;1.0;0.89;0.10999999999999999;144.0;49.0;80.0;146.0;0.155;0.16615466368810075;0.0;0.0;0.0;131.0;1.0;
-1.0;1.0;1.0;0.92;0.10999999999999999;144.0;49.0;80.0;146.0;0.155;0.16392373095048055;0.0;0.0;0.0;131.0;1.0;
-1.0;1.0;1.0;0.83;0.07999999999999996;143.0;50.0;81.0;146.0;0.155;0.1621389847603845;0.0;0.0;0.0;131.0;1.0;
-1.0;1.0;1.0;0.79;0.17000000000000004;144.0;49.0;81.0;146.0;0.155;0.16071118780830743;0.0;0.0;0.0;131.0;1.0;
-1.0;1.0;1.0;0.87;0.20999999999999996;145.0;50.0;78.0;146.0;0.16;0.1745689502466459;0.0;0.0;0.0;131.0;1.0;
-1.0;1.0;1.0;0.87;0.13;144.0;50.0;78.0;145.0;0.14;0.11165516019731692;0.0;0.0;0.0;131.0;1.0;
-1.0;1.0;1.0;0.91;0.13;144.0;50.0;76.0;141.0;0.14;0.11732412815785342;0.0;0.0;0.0;131.0;1.0;
-1.0;1.0;1.0;0.93;0.08999999999999997;143.0;50.0;76.0;140.0;0.13;0.09185930252628277;0.0;0.0;0.0;131.0;1.0;
-1.0;1.0;1.0;0.9;0.06999999999999995;143.0;51.0;78.0;141.0;0.13;0.0994874420210261;0.0;0.0;0.0;131.0;1.0;
-1.0;1.0;1.0;0.94;0.09999999999999998;144.0;53.0;76.0;143.0;0.135;0.12058995361682107;0.0;0.0;0.0;131.0;1.0;
-1.0;1.0;1.0;0.96;0.06000000000000005;143.0;53.0;74.0;145.0;0.115;0.06347196289345676;0.0;0.0;0.0;131.0;1.0;
-1.0;1.0;1.0;1.0;0.040000000000000036;143.0;54.0;84.0;146.0;0.105;0.04377757031476544;0.0;0.0;0.0;131.0;1.0;
-1.0;1.0;1.0;1.01;0.0;143.0;55.0;110.0;144.0;0.15;0.19102205625181237;0.0;0.0;0.0;131.0;1.0;
-1.0;1.0;1.0;1.04;-0.010000000000000009;142.0;55.0;124.0;144.0;0.275;0.55781764500145;0.0;0.0;0.0;131.0;1.0;
-1.0;0.9607092823899739;0.9607092823899739;1.04;-0.07929071761002615;141.0;56.0;118.0;145.0;0.345;0.7112541160011595;0.0;0.0;0.22499999999999992;151.0;1.0;
-1.0;0.9926849835359953;0.9807092823899739;1.08;-0.059290717610026133;142.0;56.0;115.0;144.0;0.31;0.5330032928009278;0.0;0.0;0.050000000000000044;134.0;1.0;
-1.0;1.0;1.0;1.06;-0.08000000000000007;142.0;56.0;121.0;145.0;0.295;0.4434026342407424;0.0;0.0;0.0;131.0;1.0;
-1.0;0.9815159736575926;0.9815159736575926;1.0;-0.07848402634240748;141.0;57.0;170.0;144.0;0.325;0.5037221073925937;0.0;0.0;0.1250000000000001;139.0;1.0;
-1.0;0.7305;0.8815159736575926;1.0;-0.1184840263424074;140.0;58.0;245.0;142.0;0.565;1.0;0.0;0.0;1.0;235.0;1.0;
-1.0;0.687;0.7815159736575926;0.92;-0.21848402634240738;137.0;60.0;122.0;144.0;0.71;1.0;0.0;0.0;1.0;235.0;1.0;
-1.0;0.9946464714050749;0.8015159736575926;0.84;-0.1184840263424074;138.0;60.0;114.0;142.0;0.31;0.14070571898500833;0.0;0.0;0.050000000000000044;132.0;1.0;
-1.0;1.0;0.8215159736575927;0.83;-0.01848402634240731;140.0;62.0;109.0;142.0;0.27;0.054564575188006725;0.0;0.0;0.0;131.0;1.0;
-1.0;1.0;0.8415159736575927;0.77;0.011515973657592715;140.0;65.0;107.0;142.0;0.235;-0.0073483398495951535;0.0;0.0;0.0;131.0;1.0;
-1.0;1.0;0.8615159736575927;0.77;0.09151597365759268;141.0;65.0;106.0;142.0;0.21;-0.03387867187967594;0.0;0.0;0.0;131.0;1.0;
-1.0;1.0;0.8815159736575927;0.67;0.11151597365759269;142.0;66.0;104.0;139.0;0.205;-0.00010293750374054667;0.0;0.0;0.0;131.0;1.0;
-1.0;1.0;0.9015159736575927;0.67;0.2315159736575927;143.0;67.0;104.0;137.0;0.19;-0.004082350002992008;0.0;0.0;0.0;131.0;1.0;
-1.0;1.0;0.9215159736575927;0.57;0.2515159736575927;144.0;68.0;103.0;139.0;0.185;0.019734119997605715;0.0;0.0;0.0;131.0;1.0;
-1.0;1.0;0.9415159736575928;0.57;0.3715159736575928;145.0;69.0;102.0;141.0;0.175;0.02278729599808471;0.0;0.0;0.0;131.0;1.0;
-1.0;1.0;0.9615159736575928;0.48;0.39151597365759283;146.0;70.0;101.0;141.0;0.165;0.023229836798467768;0.0;0.0;0.0;131.0;1.0;
-1.0;1.0;0.9815159736575928;0.48;0.5015159736575928;147.0;73.0;101.0;145.0;0.155;0.02158386943877419;0.0;0.0;0.0;131.0;1.0;
-1.0;1.0;1.0;0.54;0.52;148.0;74.0;100.0;144.0;0.14;0.003267095551019339;0.0;0.0;0.0;131.0;1.0;
-1.0;1.0;1.0;0.54;0.45999999999999996;147.0;75.0;99.0;149.0;0.13;0.0006136764408156137;0.0;0.0;0.0;131.0;1.0;
-1.0;1.0;1.0;0.7;0.45999999999999996;147.0;76.0;99.0;150.0;0.12;-0.003509058847347535;0.0;0.0;0.0;131.0;1.0;
-1.0;1.0;1.0;0.72;0.30000000000000004;146.0;77.0;99.0;150.0;0.115;0.006192752922121916;0.0;0.0;0.0;131.0;1.0;
-1.0;1.0;1.0;0.87;0.28;145.0;78.0;98.0;150.0;0.11;0.012954202337697354;0.0;0.0;0.0;131.0;1.0;
-1.0;1.0;1.0;0.95;0.13;144.0;79.0;97.0;151.0;0.1;0.0023633618701581482;0.0;0.0;0.0;131.0;1.0;
-1.0;1.0;1.0;1.0;0.050000000000000044;143.0;82.0;96.0;151.0;0.09;-0.008109310503873562;0.0;0.0;0.0;131.0;1.0;
-1.0;1.0;1.0;1.07;0.0;143.0;82.0;96.0;151.0;0.07;-0.04848744840309885;0.0;0.0;0.0;131.0;1.0;
-1.0;1.0;1.0;1.06;-0.07000000000000006;142.0;83.0;95.0;151.0;0.07;-0.024789958722479022;0.0;0.0;0.0;131.0;1.0;
-1.0;1.0;1.0;1.09;-0.06000000000000005;142.0;83.0;94.0;151.0;0.06;-0.035831966977983354;0.0;0.0;0.0;131.0;1.0;
-1.0;1.0;1.0;1.11;-0.09000000000000008;142.0;84.0;94.0;150.0;0.055;-0.03166557358238666;0.0;0.0;0.0;131.0;1.0;
-1.0;1.0;1.0;1.1;-0.1100000000000001;141.0;86.0;94.0;150.0;0.05;-0.02933245886590917;0.0;0.0;0.0;131.0;1.0;
-1.0;1.0;1.0;1.0;-0.10000000000000009;142.0;85.0;94.0;150.0;0.04;-0.043465967092727355;0.0;0.0;0.0;131.0;1.0;
-1.0;1.0;1.0;1.0;0.0;143.0;85.0;94.0;151.0;0.045;-0.011772773674182016;0.0;0.0;0.0;131.0;1.0;
-1.0;1.0;1.0;0.93;0.0;143.0;83.0;94.0;151.0;0.045;-0.00041821893934566867;0.0;0.0;0.0;131.0;1.0;
-1.0;1.0;1.0;0.85;0.06999999999999995;143.0;83.0;93.0;151.0;0.055;0.038665424848523554;0.0;0.0;0.0;131.0;1.0;
-1.0;1.0;1.0;0.89;0.15000000000000002;144.0;82.0;93.0;151.0;0.05;0.026932339878818864;0.0;0.0;0.0;131.0;1.0;
-1.0;1.0;1.0;0.94;0.10999999999999999;144.0;82.0;93.0;151.0;0.055;0.04654587190305511;0.0;0.0;0.0;131.0;1.0;
-1.0;1.0;1.0;0.98;0.06000000000000005;143.0;81.0;93.0;151.0;0.055;0.048236697522444104;0.0;0.0;0.0;131.0;1.0;
-1.0;1.0;1.0;0.94;0.020000000000000018;143.0;81.0;93.0;152.0;0.06;0.06458935801795519;0.0;0.0;0.0;131.0;1.0;
-1.0;1.0;1.0;0.96;0.06000000000000005;143.0;81.0;93.0;151.0;0.06;0.06367148641436415;0.0;0.0;0.0;131.0;1.0;
-1.0;1.0;1.0;0.96;0.040000000000000036;143.0;79.0;93.0;152.0;0.06;0.06293718913149138;0.0;0.0;0.0;131.0;1.0;
-1.0;1.0;1.0;0.94;0.040000000000000036;143.0;77.0;93.0;152.0;0.07;0.09234975130519305;0.0;0.0;0.0;131.0;1.0;
-1.0;1.0;1.0;1.0;0.06000000000000005;143.0;76.0;93.0;152.0;0.08;0.11787980104415445;0.0;0.0;0.0;131.0;1.0;
-1.0;1.0;1.0;0.92;0.0;143.0;74.0;93.0;152.0;0.085;0.1253038408353236;0.0;0.0;0.0;131.0;1.0;
-1.0;1.0;1.0;0.95;0.07999999999999996;143.0;72.0;93.0;152.0;0.095;0.14724307266825892;0.0;0.0;0.0;131.0;1.0;
-1.0;1.0;1.0;0.99;0.050000000000000044;143.0;71.0;92.0;152.0;0.105;0.16679445813460708;0.0;0.0;0.0;131.0;1.0;
-1.0;1.0;1.0;1.03;0.010000000000000009;143.0;69.0;92.0;152.0;0.105;0.15443556650768564;0.0;0.0;0.0;131.0;1.0;
-1.0;1.0;1.0;1.07;-0.030000000000000027;142.0;67.0;92.0;153.0;0.115;0.17454845320614853;0.0;0.0;0.0;131.0;1.0;
-1.0;1.0;1.0;1.09;-0.07000000000000006;142.0;65.0;92.0;153.0;0.125;0.19263876256491885;0.0;0.0;0.0;131.0;1.0;
-1.0;1.0;1.0;1.07;-0.09000000000000008;142.0;62.0;92.0;153.0;0.135;0.20911101005193516;0.0;0.0;0.0;131.0;1.0;
-1.0;1.0;1.0;1.06;-0.07000000000000006;142.0;62.0;92.0;153.0;0.15;0.23928880804154798;0.0;0.0;0.0;131.0;1.0;
-1.0;1.0;1.0;0.98;-0.06000000000000005;142.0;61.0;92.0;153.0;0.15;0.2214310464332385;0.0;0.0;0.0;131.0;1.0;
-1.0;1.0;1.0;0.89;0.020000000000000018;143.0;61.0;92.0;154.0;0.155;0.22214483714659075;0.0;0.0;0.0;131.0;1.0;
-1.0;1.0;1.0;0.89;0.10999999999999999;144.0;61.0;92.0;153.0;0.155;0.20871586971727266;0.0;0.0;0.0;131.0;1.0;
-1.0;1.0;1.0;0.83;0.10999999999999999;144.0;62.0;92.0;153.0;0.155;0.197972695773818;0.0;0.0;0.0;131.0;1.0;
-1.0;1.0;1.0;0.88;0.17000000000000004;144.0;63.0;92.0;153.0;0.15;0.17437815661905456;0.0;0.0;0.0;131.0;1.0;
-1.0;1.0;1.0;0.91;0.12;144.0;63.0;92.0;154.0;0.145;0.15450252529524353;0.0;0.0;0.0;131.0;1.0;
-1.0;1.0;1.0;0.94;0.08999999999999997;143.0;62.0;92.0;154.0;0.145;0.15260202023619482;0.0;0.0;0.0;131.0;1.0;
-1.0;1.0;1.0;0.86;0.06000000000000005;143.0;60.0;93.0;154.0;0.15;0.16608161618895598;0.0;0.0;0.0;131.0;1.0;
-1.0;1.0;1.0;0.9;0.14;144.0;56.0;93.0;154.0;0.165;0.2078652929511647;0.0;0.0;0.0;131.0;1.0;
-1.0;1.0;1.0;0.9;0.09999999999999998;144.0;55.0;93.0;155.0;0.185;0.25929223436093174;0.0;0.0;0.0;131.0;1.0;
-1.0;1.0;1.0;0.93;0.09999999999999998;144.0;55.0;94.0;155.0;0.19;0.25943378748874546;0.0;0.0;0.0;131.0;1.0;
-1.0;1.0;1.0;0.98;0.06999999999999995;143.0;56.0;93.0;155.0;0.195;0.2605470299909963;0.0;0.0;0.0;131.0;1.0;
-1.0;1.0;1.0;0.98;0.020000000000000018;143.0;56.0;93.0;155.0;0.185;0.21743762399279704;0.0;0.0;0.0;131.0;1.0;
-1.0;1.0;1.0;1.04;0.020000000000000018;143.0;56.0;93.0;154.0;0.185;0.21095009919423768;0.0;0.0;0.0;131.0;1.0;
-1.0;1.0;1.0;1.04;-0.040000000000000036;142.0;58.0;93.0;155.0;0.185;0.20576007935539026;0.0;0.0;0.0;131.0;1.0;
-1.0;1.0;1.0;1.08;-0.040000000000000036;142.0;60.0;93.0;154.0;0.175;0.17160806348431212;0.0;0.0;0.0;131.0;1.0;
-1.0;1.0;1.0;1.07;-0.08000000000000007;142.0;61.0;93.0;154.0;0.165;0.14228645078744953;0.0;0.0;0.0;131.0;1.0;
-1.0;1.0;1.0;1.08;-0.07000000000000006;142.0;64.0;92.0;154.0;0.16;0.13182916062995972;0.0;0.0;0.0;131.0;1.0;
-1.0;1.0;1.0;1.08;-0.08000000000000007;142.0;65.0;92.0;154.0;0.14;0.07746332850396764;0.0;0.0;0.0;131.0;1.0;
-1.0;1.0;1.0;1.01;-0.08000000000000007;142.0;68.0;92.0;154.0;0.135;0.07497066280317422;0.0;0.0;0.0;131.0;1.0;
-1.0;1.0;1.0;0.9;-0.010000000000000009;142.0;71.0;92.0;154.0;0.12;0.041976530242539445;0.0;0.0;0.0;131.0;1.0;
-1.0;1.0;1.0;0.85;0.09999999999999998;144.0;73.0;92.0;153.0;0.105;0.012581224194031418;0.0;0.0;0.0;131.0;1.0;
-1.0;1.0;1.0;0.88;0.15000000000000002;144.0;75.0;92.0;153.0;0.095;0.0010649793552252318;0.0;0.0;0.0;131.0;1.0;
-1.0;1.0;1.0;0.88;0.12;144.0;78.0;93.0;154.0;0.085;-0.010148016515819855;0.0;0.0;0.0;131.0;1.0;
-1.0;1.0;1.0;0.79;0.12;144.0;79.0;93.0;154.0;0.075;-0.0211184132126558;0.0;0.0;0.0;131.0;1.0;
-1.0;1.0;1.0;0.72;0.20999999999999996;145.0;80.0;94.0;154.0;0.07;-0.016894730570124666;0.0;0.0;0.0;131.0;1.0;
-1.0;1.0;1.0;0.81;0.28;145.0;80.0;94.0;154.0;0.07;0.0004842155439002127;0.0;0.0;0.0;131.0;1.0;
-1.0;1.0;1.0;0.81;0.18999999999999995;144.0;79.0;95.0;155.0;0.07;0.0143873724351202;0.0;0.0;0.0;131.0;1.0;
-1.0;1.0;1.0;0.86;0.18999999999999995;144.0;78.0;96.0;155.0;0.08;0.0555098979480962;0.0;0.0;0.0;131.0;1.0;
-1.0;1.0;1.0;0.88;0.14;144.0;77.0;97.0;155.0;0.09;0.09040791835847695;0.0;0.0;0.0;131.0;1.0;
-1.0;1.0;1.0;0.85;0.12;144.0;75.0;98.0;156.0;0.1;0.12032633468678158;0.0;0.0;0.0;131.0;1.0;
-1.0;1.0;1.0;0.88;0.15000000000000002;144.0;76.0;98.0;156.0;0.115;0.16126106774942534;0.0;0.0;0.0;131.0;1.0;
-1.0;1.0;1.0;0.88;0.12;144.0;75.0;98.0;156.0;0.11;0.13700885419954018;0.0;0.0;0.0;131.0;1.0;
-1.0;1.0;1.0;0.92;0.12;144.0;76.0;98.0;156.0;0.115;0.14660708335963213;0.0;0.0;0.0;131.0;1.0;
-1.0;1.0;1.0;0.96;0.07999999999999996;143.0;79.0;98.0;156.0;0.11;0.12528566668770574;0.0;0.0;0.0;131.0;1.0;
-1.0;1.0;1.0;0.97;0.040000000000000036;143.0;83.0;97.0;155.0;0.095;0.07722853335016452;0.0;0.0;0.0;131.0;1.0;
-1.0;1.0;1.0;1.0;0.030000000000000027;143.0;87.0;95.0;155.0;0.07;0.005782826680131664;0.0;0.0;0.0;131.0;1.0;
-1.0;1.0;1.0;0.99;0.0;143.0;91.0;94.0;155.0;0.04;-0.07137373865589466;0.0;0.0;0.0;131.0;1.0;
-1.0;1.0;1.0;1.04;0.010000000000000009;143.0;91.0;93.0;154.0;0.015;-0.12409899092471575;0.0;0.0;0.0;131.0;1.0;
-1.0;1.0;1.0;1.05;-0.040000000000000036;142.0;91.0;92.0;154.0;0.01;-0.11127919273977259;0.0;0.0;0.0;131.0;1.0;
-1.0;1.0;1.0;1.08;-0.050000000000000044;142.0;92.0;91.0;153.0;0.005;-0.10202335419181807;0.0;0.0;0.0;131.0;1.0;
-1.0;1.0;1.0;1.09;-0.08000000000000007;142.0;93.0;90.0;153.0;-0.005;-0.11061868335345448;0.0;0.0;0.0;131.0;1.0;
-1.0;1.0;1.0;1.1;-0.09000000000000008;142.0;93.0;90.0;154.0;-0.015;-0.11949494668276361;0.0;0.0;0.0;131.0;1.0;
-1.0;1.0;1.0;1.01;-0.10000000000000009;142.0;93.0;90.0;154.0;-0.015;-0.09859595734621086;0.0;0.0;0.0;131.0;1.0;
-1.0;1.0;1.0;0.96;-0.010000000000000009;142.0;93.0;91.0;153.0;-0.015;-0.08187676587696874;0.0;0.0;0.0;131.0;1.0;
-1.0;1.0;1.0;0.87;0.040000000000000036;143.0;92.0;91.0;154.0;-0.01;-0.05350141270157497;0.0;0.0;0.0;131.0;1.0;
-1.0;1.0;1.0;0.86;0.13;144.0;92.0;90.0;153.0;-0.005;-0.02980113016125999;0.0;0.0;0.0;131.0;1.0;
-1.0;1.0;1.0;0.86;0.14;144.0;91.0;90.0;153.0;-0.01;-0.039840904129007995;0.0;0.0;0.0;131.0;1.0;
-1.0;1.0;1.0;0.81;0.14;144.0;92.0;91.0;153.0;-0.005;-0.01887272330320639;0.0;0.0;0.0;131.0;1.0;
-1.0;1.0;1.0;0.84;0.18999999999999995;144.0;91.0;91.0;153.0;-0.005;-0.016098178642565117;0.0;0.0;0.0;131.0;1.0;
-1.0;1.0;1.0;0.89;0.16000000000000003;144.0;91.0;91.0;153.0;0.0;0.0011214570859479078;0.0;0.0;0.0;131.0;1.0;
-1.0;1.0;1.0;0.91;0.10999999999999999;144.0;91.0;91.0;153.0;0.0;0.0008971656687583262;0.0;0.0;0.0;131.0;1.0;
-1.0;1.0;1.0;0.91;0.08999999999999997;143.0;91.0;91.0;154.0;0.0;0.0007177325350066612;0.0;0.0;0.0;131.0;1.0;
-1.0;1.0;1.0;0.86;0.08999999999999997;143.0;91.0;91.0;153.0;0.0;0.0005741860280053287;0.0;0.0;0.0;131.0;1.0;
-1.0;1.0;1.0;0.91;0.14;144.0;91.0;91.0;154.0;0.0;0.000459348822404263;0.0;0.0;0.0;131.0;1.0;
-1.0;1.0;1.0;0.92;0.08999999999999997;143.0;92.0;91.0;153.0;0.0;0.0003674790579234104;0.0;0.0;0.0;131.0;1.0;
-1.0;1.0;1.0;0.88;0.07999999999999996;143.0;91.0;91.0;153.0;-0.005;-0.014706016753661271;0.0;0.0;0.0;131.0;1.0;
-1.0;1.0;1.0;0.9;0.12;144.0;91.0;91.0;154.0;0.0;0.002235186597070982;0.0;0.0;0.0;131.0;1.0;
-1.0;1.0;1.0;0.95;0.09999999999999998;144.0;91.0;91.0;154.0;0.0;0.0017881492776567853;0.0;0.0;0.0;131.0;1.0;
-1.0;1.0;1.0;0.99;0.050000000000000044;143.0;91.0;91.0;154.0;0.0;0.0014305194221254285;0.0;0.0;0.0;131.0;1.0;
-1.0;1.0;1.0;0.99;0.010000000000000009;143.0;91.0;91.0;154.0;0.0;0.0011444155377003434;0.0;0.0;0.0;131.0;1.0;
-1.0;1.0;1.0;1.0;0.010000000000000009;143.0;91.0;91.0;154.0;0.0;0.0009155324301602746;0.0;0.0;0.0;131.0;1.0;
-1.0;1.0;1.0;0.97;0.0;143.0;90.0;91.0;154.0;0.0;0.0007324259441282197;0.0;0.0;0.0;131.0;1.0;
-1.0;1.0;1.0;1.02;0.030000000000000027;143.0;91.0;91.0;154.0;0.005;0.015585940755302577;0.0;0.0;0.0;131.0;1.0;
-1.0;1.0;1.0;1.05;-0.020000000000000018;142.0;91.0;91.0;153.0;0.0;-0.0015312473957579387;0.0;0.0;0.0;131.0;1.0;
-1.0;1.0;1.0;1.05;-0.050000000000000044;142.0;91.0;91.0;154.0;0.0;-0.0012249979166063514;0.0;0.0;0.0;131.0;1.0;
-1.0;1.0;1.0;1.04;-0.050000000000000044;142.0;90.0;91.0;154.0;0.0;-0.0009799983332850811;0.0;0.0;0.0;131.0;1.0;
-1.0;1.0;1.0;1.07;-0.040000000000000036;142.0;91.0;91.0;154.0;0.005;0.014216001333371937;0.0;0.0;0.0;131.0;1.0;
-1.0;1.0;1.0;0.97;-0.07000000000000006;142.0;91.0;91.0;154.0;0.0;-0.002627198933302451;0.0;0.0;0.0;131.0;1.0;
-1.0;1.0;1.0;0.88;0.030000000000000027;143.0;91.0;91.0;154.0;0.0;-0.002101759146641961;0.0;0.0;0.0;131.0;1.0;
-1.0;1.0;1.0;0.79;0.12;144.0;91.0;91.0;153.0;0.0;-0.0016814073173135693;0.0;0.0;0.0;131.0;1.0;
-1.0;1.0;1.0;0.79;0.20999999999999996;145.0;91.0;91.0;154.0;0.0;-0.001345125853850856;0.0;0.0;0.0;131.0;1.0;
-1.0;1.0;1.0;0.82;0.20999999999999996;145.0;91.0;91.0;153.0;0.0;-0.0010761006830806847;0.0;0.0;0.0;131.0;1.0;
-1.0;1.0;1.0;0.78;0.18000000000000005;144.0;91.0;91.0;154.0;0.0;-0.0008608805464645474;0.0;0.0;0.0;131.0;1.0;
-1.0;1.0;1.0;0.83;0.21999999999999997;145.0;91.0;91.0;154.0;0.0;-0.0006887044371716382;0.0;0.0;0.0;131.0;1.0;
-1.0;1.0;1.0;0.82;0.17000000000000004;144.0;92.0;91.0;154.0;0.0;-0.0005509635497373105;0.0;0.0;0.0;131.0;1.0;
-1.0;1.0;1.0;0.82;0.18000000000000005;144.0;90.0;91.0;154.0;-0.005;-0.015440770839789848;0.0;0.0;0.0;131.0;1.0;
-1.0;1.0;1.0;0.82;0.18000000000000005;144.0;91.0;91.0;154.0;0.005;0.016647383328168123;0.0;0.0;0.0;131.0;1.0;
-1.0;1.0;1.0;0.86;0.18000000000000005;144.0;91.0;91.0;154.0;0.0;-0.0006820933374655026;0.0;0.0;0.0;131.0;1.0;
-1.0;1.0;1.0;0.91;0.14;144.0;90.0;91.0;153.0;0.0;-0.0005456746699724024;0.0;0.0;0.0;131.0;1.0;
-1.0;1.0;1.0;0.91;0.08999999999999997;143.0;91.0;91.0;154.0;0.005;0.014563460264022079;0.0;0.0;0.0;131.0;1.0;
-1.0;1.0;1.0;0.96;0.08999999999999997;143.0;91.0;91.0;154.0;0.0;-0.0023492317887823366;0.0;0.0;0.0;131.0;1.0;
-1.0;1.0;1.0;0.96;0.040000000000000036;143.0;91.0;91.0;154.0;0.0;-0.00187938543102587;0.0;0.0;0.0;131.0;1.0;
-1.0;1.0;1.0;0.97;0.040000000000000036;143.0;91.0;91.0;154.0;0.0;-0.0015035083448206954;0.0;0.0;0.0;131.0;1.0;
-1.0;1.0;1.0;0.98;0.030000000000000027;143.0;91.0;91.0;153.0;0.0;-0.0012028066758565565;0.0;0.0;0.0;131.0;1.0;
-1.0;1.0;1.0;0.99;0.020000000000000018;143.0;91.0;91.0;154.0;0.0;-0.0009622453406852455;0.0;0.0;0.0;131.0;1.0;
-1.0;1.0;1.0;1.04;0.010000000000000009;143.0;91.0;91.0;153.0;0.0;-0.0007697962725481961;0.0;0.0;0.0;131.0;1.0;
-1.0;1.0;1.0;1.07;-0.040000000000000036;142.0;91.0;91.0;153.0;0.0;-0.0006158370180385573;0.0;0.0;0.0;131.0;1.0;
-1.0;1.0;1.0;1.06;-0.07000000000000006;142.0;91.0;91.0;154.0;0.0;-0.0004926696144308459;0.0;0.0;0.0;131.0;1.0;
-1.0;1.0;1.0;1.05;-0.06000000000000005;142.0;91.0;91.0;154.0;0.0;-0.00039413569154467666;0.0;0.0;0.0;131.0;1.0;
-1.0;1.0;1.0;1.09;-0.050000000000000044;142.0;91.0;91.0;153.0;0.0;-0.0003153085532357414;0.0;0.0;0.0;131.0;1.0;
-1.0;1.0;1.0;1.02;-0.09000000000000008;142.0;91.0;91.0;153.0;0.0;-0.00025224684258859305;0.0;0.0;0.0;131.0;1.0;
-1.0;1.0;1.0;0.94;-0.020000000000000018;142.0;91.0;91.0;154.0;0.0;-0.00020179747407087444;0.0;0.0;0.0;131.0;1.0;
-1.0;1.0;1.0;0.83;0.06000000000000005;143.0;91.0;91.0;153.0;0.0;-0.00016143797925669953;0.0;0.0;0.0;131.0;1.0;
-1.0;1.0;1.0;0.83;0.17000000000000004;144.0;90.0;91.0;153.0;0.0;-0.00012915038340535967;0.0;0.0;0.0;131.0;1.0;
-1.0;1.0;1.0;0.83;0.17000000000000004;144.0;91.0;91.0;153.0;0.005;0.01489667969327571;0.0;0.0;0.0;131.0;1.0;
-1.0;1.0;1.0;0.8;0.17000000000000004;144.0;91.0;91.0;153.0;0.0;-0.00208265624537943;0.0;0.0;0.0;131.0;1.0;
-1.0;1.0;1.0;0.84;0.19999999999999996;145.0;91.0;91.0;154.0;0.0;-0.0016661249963035435;0.0;0.0;0.0;131.0;1.0;
-1.0;1.0;1.0;0.86;0.16000000000000003;144.0;91.0;91.0;154.0;0.0;-0.0013328999970428352;0.0;0.0;0.0;131.0;1.0;
-1.0;1.0;1.0;0.83;0.14;144.0;91.0;91.0;153.0;0.0;-0.0010663199976342682;0.0;0.0;0.0;131.0;1.0;
-1.0;1.0;1.0;0.83;0.17000000000000004;144.0;91.0;91.0;154.0;0.0;-0.0008530559981074148;0.0;0.0;0.0;131.0;1.0;
-1.0;1.0;1.0;0.88;0.17000000000000004;144.0;91.0;91.0;154.0;0.0;-0.0006824447984859317;0.0;0.0;0.0;131.0;1.0;
-1.0;1.0;1.0;0.95;0.12;144.0;91.0;91.0;154.0;0.0;-0.0005459558387887456;0.0;0.0;0.0;131.0;1.0;
-1.0;1.0;1.0;0.95;0.050000000000000044;143.0;91.0;91.0;154.0;0.0;-0.0004367646710309964;0.0;0.0;0.0;131.0;1.0;
-1.0;1.0;1.0;0.98;0.050000000000000044;143.0;91.0;91.0;154.0;0.0;-0.00034941173682479724;0.0;0.0;0.0;131.0;1.0;
-1.0;1.0;1.0;1.01;0.020000000000000018;143.0;91.0;91.0;153.0;0.0;-0.0002795293894598378;0.0;0.0;0.0;131.0;1.0;
-1.0;1.0;1.0;1.03;-0.010000000000000009;142.0;91.0;91.0;153.0;0.0;-0.00022362351156787026;0.0;0.0;0.0;131.0;1.0;
-1.0;1.0;1.0;1.02;-0.030000000000000027;142.0;91.0;91.0;153.0;0.0;-0.00017889880925429626;0.0;0.0;0.0;131.0;1.0;
-1.0;1.0;1.0;1.06;-0.020000000000000018;142.0;91.0;91.0;154.0;0.0;-0.00014311904740343698;0.0;0.0;0.0;131.0;1.0;
-1.0;1.0;1.0;1.0;-0.06000000000000005;142.0;91.0;91.0;153.0;0.0;-0.00011449523792274953;0.0;0.0;0.0;131.0;1.0;
-1.0;1.0;1.0;0.92;0.0;143.0;91.0;91.0;153.0;0.0;-9.159619033819964e-05;0.0;0.0;0.0;131.0;1.0;
-1.0;1.0;1.0;0.92;0.07999999999999996;143.0;91.0;91.0;153.0;0.0;-7.327695227055974e-05;0.0;0.0;0.0;131.0;1.0;
-1.0;1.0;1.0;0.82;0.07999999999999996;143.0;91.0;91.0;153.0;0.0;-5.862156181644778e-05;0.0;0.0;0.0;131.0;1.0;
-1.0;1.0;1.0;0.81;0.18000000000000005;144.0;91.0;91.0;153.0;0.0;-4.6897249453158225e-05;0.0;0.0;0.0;131.0;1.0;
-1.0;1.0;1.0;0.88;0.18999999999999995;144.0;91.0;91.0;153.0;0.0;-3.7517799562526594e-05;0.0;0.0;0.0;131.0;1.0;
-1.0;1.0;1.0;0.92;0.12;144.0;91.0;91.0;154.0;0.0;-3.001423965002127e-05;0.0;0.0;0.0;131.0;1.0;
-1.0;1.0;1.0;0.92;0.07999999999999996;143.0;91.0;91.0;154.0;0.0;-2.4011391720017017e-05;0.0;0.0;0.0;131.0;1.0;
-1.0;1.0;1.0;0.88;0.07999999999999996;143.0;91.0;91.0;154.0;0.0;-1.9209113376013617e-05;0.0;0.0;0.0;131.0;1.0;
-1.0;1.0;1.0;0.87;0.12;144.0;91.0;91.0;154.0;0.0;-1.5367290700810897e-05;0.0;0.0;0.0;131.0;1.0;
-1.0;1.0;1.0;0.91;0.13;144.0;91.0;91.0;153.0;0.0;-1.2293832560648716e-05;0.0;0.0;0.0;131.0;1.0;
-1.0;1.0;1.0;0.94;0.08999999999999997;143.0;91.0;91.0;153.0;0.0;-9.835066048518973e-06;0.0;0.0;0.0;131.0;1.0;
-1.0;1.0;1.0;0.95;0.06000000000000005;143.0;91.0;91.0;153.0;0.0;-7.868052838815181e-06;0.0;0.0;0.0;131.0;1.0;
-1.0;1.0;1.0;1.0;0.050000000000000044;143.0;91.0;91.0;153.0;0.0;-6.294442271052145e-06;0.0;0.0;0.0;131.0;1.0;
-1.0;1.0;1.0;1.02;0.0;143.0;91.0;91.0;153.0;0.0;-5.035553816841718e-06;0.0;0.0;0.0;131.0;1.0;
-1.0;1.0;1.0;1.04;-0.020000000000000018;142.0;91.0;91.0;154.0;0.0;-4.028443053473374e-06;0.0;0.0;0.0;131.0;1.0;
-1.0;1.0;1.0;1.03;-0.040000000000000036;142.0;91.0;91.0;154.0;0.0;-3.2227544427786994e-06;0.0;0.0;0.0;131.0;1.0;
-1.0;1.0;1.0;1.07;-0.030000000000000027;142.0;91.0;91.0;153.0;0.0;-2.5782035542229583e-06;0.0;0.0;0.0;131.0;1.0;
-1.0;1.0;1.0;1.04;-0.07000000000000006;142.0;91.0;91.0;154.0;0.0;-2.0625628433783675e-06;0.0;0.0;0.0;131.0;1.0;
-1.0;1.0;1.0;1.04;-0.040000000000000036;142.0;91.0;91.0;154.0;0.0;-1.6500502747026944e-06;0.0;0.0;0.0;131.0;1.0;
-1.0;1.0;1.0;0.95;-0.040000000000000036;142.0;91.0;91.0;154.0;0.0;-1.3200402197621558e-06;0.0;0.0;0.0;131.0;1.0;
-1.0;1.0;1.0;0.85;0.050000000000000044;143.0;91.0;91.0;154.0;0.0;-1.056032175809724e-06;0.0;0.0;0.0;131.0;1.0;
-1.0;1.0;1.0;0.81;0.15000000000000002;144.0;91.0;91.0;154.0;0.0;-8.448257406477795e-07;0.0;0.0;0.0;131.0;1.0;
-1.0;1.0;1.0;0.8;0.18999999999999995;144.0;91.0;91.0;153.0;0.0;-6.758605925182235e-07;0.0;0.0;0.0;131.0;1.0;
-1.0;1.0;1.0;0.8;0.19999999999999996;145.0;91.0;91.0;153.0;0.0;-5.406884740145789e-07;0.0;0.0;0.0;131.0;1.0;
-1.0;1.0;1.0;0.78;0.19999999999999996;145.0;91.0;91.0;154.0;0.0;-4.3255077921166317e-07;0.0;0.0;0.0;131.0;1.0;
-1.0;1.0;1.0;0.81;0.21999999999999997;145.0;91.0;91.0;154.0;0.0;-3.4604062336933054e-07;0.0;0.0;0.0;131.0;1.0;
-1.0;1.0;1.0;0.85;0.18999999999999995;144.0;91.0;91.0;154.0;0.0;-2.768324986954645e-07;0.0;0.0;0.0;131.0;1.0;
-1.0;1.0;1.0;0.85;0.15000000000000002;144.0;91.0;91.0;154.0;0.0;-2.2146599895637148e-07;0.0;0.0;0.0;131.0;1.0;
-1.0;1.0;1.0;0.84;0.15000000000000002;144.0;91.0;91.0;154.0;0.0;-1.7717279916509732e-07;0.0;0.0;0.0;131.0;1.0;
-1.0;1.0;1.0;0.86;0.16000000000000003;144.0;91.0;91.0;153.0;0.0;-1.417382393320778e-07;0.0;0.0;0.0;131.0;1.0;
-1.0;1.0;1.0;0.88;0.14;144.0;90.0;91.0;154.0;0.0;-1.1339059146566222e-07;0.0;0.0;0.0;131.0;1.0;
-1.0;1.0;1.0;0.94;0.12;144.0;91.0;91.0;154.0;0.005;0.014999909287526831;0.0;0.0;0.0;131.0;1.0;
-1.0;1.0;1.0;0.96;0.06000000000000005;143.0;91.0;91.0;154.0;0.0;-0.0020000725699785378;0.0;0.0;0.0;131.0;1.0;
-1.0;1.0;1.0;0.96;0.040000000000000036;143.0;91.0;91.0;154.0;0.0;-0.0016000580559828303;0.0;0.0;0.0;131.0;1.0;
-1.0;1.0;1.0;0.96;0.040000000000000036;143.0;91.0;91.0;154.0;0.0;-0.0012800464447862642;0.0;0.0;0.0;131.0;1.0;
-1.0;1.0;1.0;1.02;0.040000000000000036;143.0;91.0;91.0;154.0;0.0;-0.0010240371558290114;0.0;0.0;0.0;131.0;1.0;
-1.0;1.0;1.0;1.02;-0.020000000000000018;142.0;90.0;91.0;154.0;0.0;-0.0008192297246632091;0.0;0.0;0.0;131.0;1.0;
-1.0;1.0;1.0;1.05;-0.020000000000000018;142.0;91.0;91.0;154.0;0.005;0.014344616220269432;0.0;0.0;0.0;131.0;1.0;
-1.0;1.0;1.0;1.03;-0.050000000000000044;142.0;91.0;91.0;154.0;0.0;-0.0025243070237844544;0.0;0.0;0.0;131.0;1.0;
-1.0;1.0;1.0;1.03;-0.030000000000000027;142.0;91.0;91.0;153.0;0.0;-0.0020194456190275635;0.0;0.0;0.0;131.0;1.0;
-1.0;1.0;1.0;1.05;-0.030000000000000027;142.0;91.0;91.0;154.0;0.0;-0.0016155564952220508;0.0;0.0;0.0;131.0;1.0;
