-1.0;466.0;460.0;150.0;0.0;0.0;0.25;0.03;0.22;0.0;0.0;6.587803523936029e-33;-0.3049962818622589;-0.24399702548980715;100.0;128.0;0.0;
-1.0;463.0;462.0;156.0;1.2;0.01;0.25;0.03;0.22;0.0;0.0;6.587803523936029e-33;-0.31169113516807556;-0.24935290813446045;99.0;133.0;1.0;
-1.0;466.0;464.0;158.0;1.2;0.02;0.25;0.03;0.22;0.0;0.0;6.587803523936029e-33;-0.37003734707832336;-0.2960298776626587;93.0;133.0;1.0;
-1.0;468.0;466.0;158.0;1.2;0.03;0.25;0.03;0.22;0.0;0.0;6.587803523936029e-33;-0.4389401078224182;-0.3511520862579346;86.0;133.0;1.0;
-1.0;467.0;465.0;158.0;1.2;0.04;0.25;0.03;0.22;0.0;0.0;6.587803523936029e-33;-0.5995661616325378;-0.4796529293060303;70.0;133.0;1.0;
-1.0;463.0;465.0;158.0;1.2;0.05;0.25;0.03;0.22;0.0;0.0;6.587803523936029e-33;-0.5795480012893677;-0.4636384010314942;72.0;133.0;1.0;
-1.0;459.0;465.0;159.0;1.2;0.060000000000000005;0.25;0.03;0.22;0.0;0.0;6.587803523936029e-33;-0.545540452003479;-0.4364323616027832;75.0;133.0;1.0;
-1.0;457.0;465.0;158.0;1.2;0.07;0.25;0.03;0.22;0.0;0.0;6.587803523936029e-33;-0.4914628565311432;-0.3931702852249146;81.0;133.0;1.0;
-1.0;457.0;463.0;158.0;1.2;0.08;0.25;0.03;0.22;0.0;0.0;6.587803523936029e-33;-0.46859267354011536;-0.3748741388320923;83.0;133.0;1.0;
-1.0;453.0;463.0;158.0;1.2;0.09;0.25;0.03;0.22;0.0;0.0;6.587803523936029e-33;-0.3552277386188507;-0.28418219089508057;95.0;133.0;1.0;
-1.0;453.0;463.0;158.0;1.2;0.09999999999999999;0.25;0.03;0.22;0.0;0.0;6.587803523936029e-33;-0.25619956851005554;-0.20495965480804446;105.0;133.0;1.0;
-1.0;457.0;463.0;158.0;1.2;0.10999999999999999;0.25;0.03;0.22;0.0;0.0;6.587803523936029e-33;-0.3019181787967682;-0.24153454303741456;100.0;133.0;1.0;
-1.0;457.0;464.0;158.0;1.2;0.11999999999999998;0.25;0.03;0.22;0.0;0.0;6.587803523936029e-33;-0.32940900325775146;-0.26352720260620116;97.0;133.0;1.0;
-1.0;455.0;464.0;158.0;1.2;0.12999999999999998;0.25;0.03;0.22;0.0;0.0;6.587803523936029e-33;-0.3586980402469635;-0.28695843219757083;94.0;133.0;1.0;
-1.0;456.0;465.0;158.0;1.2;0.13999999999999999;0.25;0.03;0.22;0.0;0.0;6.587803523936029e-33;-0.3626291751861572;-0.2901033401489258;94.0;133.0;1.0;
-1.0;458.0;464.0;158.0;1.2;0.15;0.25;0.03;0.22;0.0;0.0;6.587803523936029e-33;-0.3187139332294464;-0.25497114658355713;98.0;133.0;1.0;
-1.0;464.0;463.0;158.0;1.2;0.16;0.25;0.03;0.22;0.0;0.0;6.587803523936029e-33;-0.2869977056980133;-0.22959816455841064;102.0;133.0;1.0;
-1.0;465.0;463.0;158.0;1.2;0.17;0.25;0.03;0.22;0.0;0.0;6.587803523936029e-33;-0.27524980902671814;-0.22019984722137453;103.0;133.0;1.0;
-1.0;464.0;463.0;158.0;1.2;0.18000000000000002;0.25;0.03;0.22;0.0;0.0;6.587803523936029e-33;-0.2938808500766754;-0.23510468006134033;101.0;133.0;1.0;
-1.0;461.0;463.0;158.0;1.2;0.19000000000000003;0.25;0.03;0.22;0.0;0.0;6.587803523936029e-33;-0.3237498104572296;-0.2589998483657837;98.0;133.0;1.0;
-1.0;462.0;461.0;158.0;1.2;0.20000000000000004;0.25;0.03;0.22;0.0;0.0;6.587803523936029e-33;-0.3649172782897949;-0.2919338226318359;94.0;133.0;1.0;
-1.0;464.0;459.0;157.0;1.2;0.21000000000000005;0.25;0.03;0.22;0.0;0.0;6.587803523936029e-33;-0.30027464032173157;-0.24021971225738525;100.0;133.0;1.0;
-1.0;467.0;458.0;158.0;1.2;0.22000000000000006;0.25;0.03;0.22;0.0;0.0;6.587803523936029e-33;-0.23242846131324768;-0.18594276905059814;107.0;133.0;1.0;
-1.0;466.0;455.0;158.0;1.2;0.23000000000000007;0.25;0.03;0.22;0.0;0.0;6.587803523936029e-33;-0.18373018503189087;-0.1469841480255127;112.0;133.0;1.0;
-1.0;466.0;455.0;157.0;1.2;0.24000000000000007;0.25;0.03;0.22;0.0;0.0;6.587803523936029e-33;-0.13217706978321075;-0.10574165582656861;118.0;133.0;1.0;
-1.0;460.0;455.0;157.0;1.2;0.25000000000000006;0.25000000000000006;0.03;0.22000000000000006;0.0;0.0;6.587803523936029e-33;-0.10884125530719757;-0.08707300424575806;120.0;133.0;1.0;
-1.0;460.0;456.0;158.0;1.2;0.26000000000000006;0.26000000000000006;0.03;0.23000000000000007;0.0;0.0;6.587803523936029e-33;-0.10781611502170563;-0.08625289201736451;120.0;134.0;1.0;
-1.0;457.0;453.0;157.0;1.2;0.2700000000000001;0.2700000000000001;0.03;0.24000000000000007;0.0;0.0;6.587803523936029e-33;-0.0731537938117981;-0.05852303504943848;124.0;134.0;1.0;
-1.0;457.0;451.0;158.0;1.2;0.2800000000000001;0.2800000000000001;0.03;0.2500000000000001;0.0;0.0;6.587803523936029e-33;-0.0923304557800293;-0.07386436462402345;122.0;134.0;1.0;
-1.0;458.0;450.0;157.0;1.2;0.2900000000000001;0.2900000000000001;0.03;0.2600000000000001;0.0;0.0;6.587803523936029e-33;-0.08744774758815765;-0.06995819807052613;122.0;134.0;1.0;
-1.0;454.0;451.0;157.0;1.2;0.3000000000000001;0.3000000000000001;0.03;0.27000000000000013;0.0;0.0;6.587803523936029e-33;-0.017796900123357773;-0.014237520098686219;129.0;135.0;1.0;
-1.0;452.0;450.0;157.0;1.2;0.3100000000000001;0.3100000000000001;0.03;0.28000000000000014;0.0;0.0;6.587803523936029e-33;0.08433084189891815;0.06746467351913453;140.0;135.0;1.0;
-1.0;450.0;447.0;157.0;1.2;0.3200000000000001;0.3200000000000001;0.03;0.29000000000000015;0.0;0.0;6.587803523936029e-33;0.14780297875404358;0.11824238300323486;146.0;135.0;1.0;
-1.0;451.0;441.0;157.0;1.2;0.3300000000000001;0.3300000000000001;0.03;0.30000000000000016;0.0;0.0;6.587803523936029e-33;0.13305388391017914;0.10644310712814331;145.0;135.0;1.0;
-1.0;450.0;437.0;157.0;1.2;0.34000000000000014;0.34000000000000014;0.03;0.31000000000000016;0.0;0.0;6.587803523936029e-33;0.19442963600158691;0.15554370880126955;151.0;136.0;1.0;
-1.0;449.0;432.0;157.0;1.2;0.35000000000000014;0.35000000000000014;0.03;0.3200000000000002;0.0;0.0;6.587803523936029e-33;0.1181502491235733;0.09452019929885865;143.0;136.0;1.0;
-1.0;449.0;431.0;157.0;1.2;0.36000000000000015;0.36000000000000015;0.03;0.3300000000000002;0.0;0.0;6.587803523936029e-33;0.09833492338657379;0.07866793870925903;141.0;136.0;1.0;
-1.0;449.0;423.0;156.0;1.2;0.37000000000000016;0.37000000000000016;0.03;0.3400000000000002;0.0;0.0;6.587803523936029e-33;0.07324805855751038;0.058598446846008304;138.0;136.0;1.0;
-1.0;447.0;414.0;157.0;1.2;0.38000000000000017;0.38000000000000017;0.03;0.3500000000000002;0.0;0.0;6.587803523936029e-33;0.06463587284088135;0.05170869827270508;138.0;137.0;1.0;
-1.0;447.0;412.0;156.0;1.2;0.3900000000000002;0.3900000000000002;0.03;0.3600000000000002;0.0;0.0;6.587803523936029e-33;0.09383207559585571;0.07506566047668457;141.0;137.0;1.0;
-1.0;448.0;411.0;157.0;1.2;0.4000000000000002;0.4000000000000002;0.03;0.3700000000000002;0.0;0.0;6.587803523936029e-33;0.08130147308111191;0.06504117846488953;139.0;137.0;1.0;
-1.0;448.0;410.0;156.0;1.2;0.4100000000000002;0.4100000000000002;0.03;0.3800000000000002;0.0;0.0;6.587803523936029e-33;0.08765356242656708;0.07012284994125366;140.0;137.0;1.0;
-1.0;449.0;407.0;157.0;1.2;0.4200000000000002;0.4200000000000002;0.03;0.39000000000000024;0.0;0.0;6.587803523936029e-33;0.0629269927740097;0.050341594219207766;137.0;138.0;1.0;
-1.0;450.0;406.0;157.0;1.2;0.4300000000000002;0.4300000000000002;0.03;0.40000000000000024;0.0;0.0;6.587803523936029e-33;0.088884636759758;0.0711077094078064;140.0;138.0;1.0;
-1.0;450.0;409.0;157.0;1.2;0.4400000000000002;0.4400000000000002;0.03;0.41000000000000025;0.0;0.0;6.587803523936029e-33;0.04911631718277931;0.03929305374622345;136.0;138.0;1.0;
-1.0;450.0;414.0;157.0;1.2;0.45000000000000023;0.45000000000000023;0.03;0.42000000000000026;0.0;0.0;6.587803523936029e-33;0.04941508546471596;0.03953206837177277;136.0;138.0;1.0;
-1.0;449.0;416.0;157.0;1.2;0.46000000000000024;0.46000000000000024;0.03;0.43000000000000027;0.0;0.0;6.587803523936029e-33;0.03968773037195206;0.03175018429756165;135.0;139.0;1.0;
-1.0;447.0;419.0;157.0;1.2;0.47000000000000025;0.47000000000000025;0.03;0.4400000000000003;0.0;0.0;6.587803523936029e-33;0.008758962154388428;0.007007169723510742;132.0;139.0;1.0;
-1.0;447.0;421.0;157.0;1.2;0.48000000000000026;0.48000000000000026;0.03;0.4500000000000003;0.0;0.0;6.587803523936029e-33;0.008657936006784439;0.006926348805427552;132.0;139.0;1.0;
-1.0;447.0;423.0;157.0;1.2;0.49000000000000027;0.49000000000000027;0.03;0.4600000000000003;0.0;0.0;6.587803523936029e-33;0.0010564438998699188;0.0008451551198959351;131.0;139.0;1.0;
-1.0;443.0;423.0;157.0;1.2;0.5000000000000002;0.5000000000000002;0.03;0.4700000000000002;0.0;0.0;6.587803523936029e-33;0.04589805379509926;0.03671844303607941;136.0;140.0;1.0;
-1.0;441.0;429.0;157.0;1.2;0.5100000000000002;0.5100000000000002;0.03;0.4800000000000002;0.0;0.0;6.587803523936029e-33;0.062110114842653275;0.049688091874122625;137.0;140.0;1.0;
-1.0;437.0;429.0;157.0;1.2;0.5200000000000002;0.5200000000000002;0.03;0.4900000000000002;0.0;0.0;6.587803523936029e-33;0.013322670012712479;0.010658136010169983;132.0;140.0;1.0;
-1.0;435.0;430.0;157.0;1.2;0.5300000000000002;0.5300000000000002;0.03;0.5000000000000002;0.0;0.0;6.587803523936029e-33;-0.01739853248000145;-0.013918825984001161;129.0;140.0;1.0;
-1.0;433.0;433.0;157.0;1.2;0.5400000000000003;0.5400000000000003;0.03;0.5100000000000002;0.0;0.0;6.587803523936029e-33;-0.05030476674437523;-0.040243813395500184;126.0;141.0;1.0;
-1.0;434.0;435.0;156.0;1.2;0.5500000000000003;0.5500000000000003;0.03;0.5200000000000002;0.0;0.0;6.587803523936029e-33;-0.08358509838581085;-0.06686807870864868;122.0;141.0;1.0;
-1.0;436.0;436.0;157.0;1.2;0.5600000000000003;0.5600000000000003;0.03;0.5300000000000002;0.0;0.0;6.587803523936029e-33;-0.09866940975189209;-0.07893552780151368;121.0;141.0;1.0;
-1.0;439.0;438.0;157.0;1.2;0.5700000000000003;0.5700000000000003;0.03;0.5400000000000003;0.0;0.0;6.587803523936029e-33;-0.06946127116680145;-0.055569016933441163;124.0;141.0;1.0;
-1.0;441.0;442.0;156.0;1.2;0.5800000000000003;0.5800000000000003;0.03;0.5500000000000003;0.0;0.0;6.587803523936029e-33;-0.04572701081633568;-0.036581608653068545;126.0;142.0;1.0;
-1.0;442.0;442.0;156.0;1.2;0.5900000000000003;0.5900000000000003;0.03;0.5600000000000003;0.0;0.0;6.587803523936029e-33;-0.05189869925379753;-0.04151895940303803;126.0;142.0;1.0;
-1.0;441.0;440.0;157.0;1.2;0.6000000000000003;0.6000000000000003;0.03;0.5700000000000003;0.0;0.0;6.587803523936029e-33;-0.05999060347676277;-0.04799248278141022;125.0;142.0;1.0;
-1.0;441.0;443.0;157.0;1.2;0.6100000000000003;0.6100000000000003;0.03;0.5800000000000003;0.0;0.0;6.587803523936029e-33;0.0316823311150074;0.025345864892005923;134.0;142.0;1.0;
-1.0;440.0;443.0;157.0;1.2;0.6200000000000003;0.6200000000000003;0.03;0.5900000000000003;0.0;0.0;6.587803523936029e-33;0.09131050109863281;0.07304840087890625;140.0;143.0;1.0;
-1.0;439.0;444.0;156.0;1.2;0.6300000000000003;0.6300000000000003;0.03;0.6000000000000003;0.0;0.0;6.587803523936029e-33;0.12407165765762329;0.09925732612609864;144.0;143.0;1.0;
-1.0;436.0;445.0;156.0;1.2;0.6400000000000003;0.6400000000000003;0.03;0.6100000000000003;0.0;0.0;6.587803523936029e-33;0.13675649464130402;0.10940519571304322;145.0;143.0;1.0;
-1.0;432.0;444.0;156.0;1.2;0.6500000000000004;0.6500000000000004;0.03;0.6200000000000003;0.0;0.0;6.587803523936029e-33;0.1819087415933609;0.14552699327468874;150.0;143.0;1.0;
-1.0;431.0;446.0;156.0;1.2;0.6600000000000004;0.6600000000000004;0.03;0.6300000000000003;0.0;0.0;6.587803523936029e-33;0.2559334635734558;0.20474677085876467;157.0;144.0;1.0;
-1.0;425.0;447.0;156.0;1.2;0.6700000000000004;0.6700000000000004;0.03;0.6400000000000003;0.0;0.0;6.587803523936029e-33;0.27292075753211975;0.21833660602569582;159.0;144.0;1.0;
-1.0;424.0;446.0;157.0;1.2;0.6800000000000004;0.6800000000000004;0.03;0.6500000000000004;0.0;0.0;6.587803523936029e-33;0.2555415630340576;0.2044332504272461;157.0;144.0;1.0;
-1.0;422.0;447.0;156.0;1.2;0.6900000000000004;0.6900000000000004;0.03;0.6600000000000004;0.0;0.0;6.587803523936029e-33;0.2524370551109314;0.20194964408874513;157.0;144.0;1.0;
-1.0;419.0;448.0;157.0;1.2;0.7000000000000004;0.7000000000000004;0.03;0.6700000000000004;0.0;0.0;6.587803523936029e-33;0.20463614165782928;0.16370891332626344;152.0;145.0;1.0;
-1.0;419.0;448.0;157.0;1.2;0.7100000000000004;0.7100000000000004;0.03;0.6800000000000004;0.0;0.0;6.587803523936029e-33;0.18210667371749878;0.14568533897399902;150.0;145.0;1.0;
-1.0;419.0;448.0;157.0;1.2;0.7200000000000004;0.7200000000000004;0.04;0.6900000000000004;0.0;0.0;6.587803523936029e-33;0.09248186647891998;0.07398549318313599;140.0;145.0;1.0;
-1.0;419.0;449.0;157.0;1.2;0.7300000000000004;0.7300000000000004;0.04;0.6900000000000004;0.0;0.0;6.587803523936029e-33;0.08478519320487976;0.06782815456390381;140.0;145.0;1.0;
-1.0;420.0;449.0;157.0;1.2;0.7400000000000004;0.7400000000000004;0.04;0.7000000000000004;0.0;0.0;6.587803523936029e-33;0.041781842708587646;0.03342547416687012;135.0;146.0;1.0;
-1.0;425.0;451.0;156.0;1.2;0.7500000000000004;0.7500000000000004;0.32;0.7100000000000004;0.0;0.0;6.587803523936029e-33;0.06287841498851776;0.05030273199081421;137.0;146.0;1.0;
-1.0;424.0;451.0;156.0;1.2;0.7600000000000005;0.7600000000000005;0.44;0.44000000000000045;0.0;0.0;6.587803523936029e-33;0.043434400111436844;0.034747520089149476;135.0;143.0;1.0;
-1.0;424.0;451.0;157.0;1.2;0.7700000000000005;0.7700000000000005;0.44;0.33000000000000046;0.0;0.0;6.587803523936029e-33;0.019907105714082718;0.015925684571266176;133.0;142.0;1.0;
-1.0;426.0;452.0;156.0;1.2;0.7800000000000005;0.7800000000000005;0.55;0.34000000000000047;0.0;0.0;6.587803523936029e-33;0.03620035946369171;0.02896028757095337;135.0;143.0;1.0;
-1.0;426.0;451.0;156.0;1.2;0.7900000000000005;0.7900000000000005;0.55;0.24000000000000044;0.0;0.0;6.587803523936029e-33;0.06886779516935349;0.05509423613548279;138.0;142.0;1.0;
-1.0;423.0;451.0;156.0;1.2;0.8000000000000005;0.8000000000000005;0.57;0.25000000000000044;0.0;0.0;6.587803523936029e-33;0.13539227843284607;0.10831382274627686;145.0;142.0;1.0;
-1.0;421.0;451.0;156.0;1.2;0.8100000000000005;0.8100000000000005;0.5;0.24000000000000055;0.0;0.0;6.587803523936029e-33;0.08572648465633392;0.06858118772506715;140.0;142.0;1.0;
-1.0;419.0;452.0;157.0;1.2;0.8200000000000005;0.8200000000000005;0.5;0.3200000000000005;0.0;0.0;6.587803523936029e-33;0.07751418650150299;0.062011349201202395;139.0;143.0;1.0;
-1.0;417.0;452.0;156.0;1.2;0.8300000000000005;0.8300000000000005;0.5;0.3300000000000005;0.0;0.0;6.587803523936029e-33;0.06579546630382538;0.052636373043060306;138.0;143.0;1.0;
-1.0;418.0;453.0;156.0;1.2;0.8400000000000005;0.8400000000000005;0.46;0.3400000000000005;0.0;0.0;6.587803523936029e-33;0.0020663030445575714;0.0016530424356460572;131.0;144.0;1.0;
-1.0;415.0;453.0;157.0;1.2;0.8500000000000005;0.8500000000000005;0.46;0.3900000000000005;0.0;0.0;6.587803523936029e-33;0.016832780092954636;0.013466224074363708;133.0;144.0;1.0;
-1.0;414.0;452.0;157.0;1.2;0.8600000000000005;0.8600000000000005;0.46;0.4000000000000005;0.0;0.0;6.587803523936029e-33;-0.016017582267522812;-0.01281406581401825;129.0;144.0;1.0;
-1.0;418.0;450.0;156.0;1.2;0.8700000000000006;0.8700000000000006;0.36;0.41000000000000053;0.0;0.0;6.587803523936029e-33;-0.053507935255765915;-0.04280634820461274;126.0;145.0;1.0;
-1.0;417.0;450.0;157.0;1.2;0.8800000000000006;0.8800000000000006;0.46;0.5200000000000006;0.0;0.0;6.587803523936029e-33;-0.19406245648860931;-0.15524996519088746;111.0;146.0;1.0;
-1.0;418.0;447.0;157.0;1.2;0.8900000000000006;0.8900000000000006;0.46;0.43000000000000055;0.0;0.0;6.587803523936029e-33;-0.1611965149641037;-0.12895721197128296;115.0;145.0;1.0;
-1.0;419.0;448.0;156.0;1.2;0.9000000000000006;0.9000000000000006;0.51;0.44000000000000056;0.0;0.0;6.587803523936029e-33;-0.182231605052948;-0.1457852840423584;112.0;145.0;1.0;
-1.0;420.0;448.0;156.0;1.2;0.9100000000000006;0.9100000000000006;0.51;0.4000000000000006;0.0;0.0;6.587803523936029e-33;-0.2204272300004959;-0.17634178400039674;109.0;145.0;1.0;
-1.0;421.0;449.0;156.0;1.2;0.9200000000000006;0.9200000000000006;0.57;0.4100000000000006;0.0;0.0;6.587803523936029e-33;-0.2240452617406845;-0.1792362093925476;108.0;145.0;1.0;
-1.0;425.0;447.0;156.0;1.2;0.9300000000000006;0.9300000000000006;0.57;0.36000000000000065;0.0;0.0;6.587803523936029e-33;-0.2628084123134613;-0.21024672985076906;104.0;145.0;1.0;
-1.0;426.0;448.0;157.0;1.2;0.9400000000000006;0.9400000000000006;0.63;0.37000000000000066;0.0;0.0;6.587803523936029e-33;-0.23661980032920837;-0.1892958402633667;107.0;145.0;1.0;
-1.0;425.0;446.0;157.0;1.2;0.9500000000000006;0.9500000000000006;0.63;0.3200000000000006;0.0;0.0;6.587803523936029e-33;-0.2558400332927704;-0.20467202663421633;105.0;145.0;1.0;
-1.0;426.0;445.0;157.0;1.2;0.9600000000000006;0.9600000000000006;0.67;0.3300000000000006;0.0;0.0;6.587803523936029e-33;-0.24186858534812927;-0.19349486827850343;106.0;145.0;1.0;
-1.0;425.0;448.0;156.0;1.2;0.9700000000000006;0.9700000000000006;0.73;0.3000000000000006;0.0;0.0;6.587803523936029e-33;-0.22991108894348145;-0.18392887115478518;108.0;145.0;1.0;
-1.0;426.0;450.0;157.0;1.2;0.9800000000000006;0.9800000000000006;0.73;0.25000000000000067;0.0;0.0;6.587803523936029e-33;-0.24959617853164673;-0.1996769428253174;106.0;145.0;1.0;
-1.0;426.0;449.0;156.0;1.2;0.9900000000000007;0.9900000000000007;0.77;0.2600000000000007;0.0;0.0;6.587803523936029e-33;-0.22004269063472748;-0.17603415250778198;109.0;145.0;1.0;
-1.0;426.0;450.0;156.0;1.2;1.0000000000000007;1.0000000000000007;0.81;0.23000000000000065;0.0;0.0;6.587803523936029e-33;-0.23265394568443298;-0.1861231565475464;107.0;145.0;1.0;
-1.0;427.0;449.0;156.0;1.2;1.0100000000000007;1.0100000000000007;0.83;0.20000000000000062;0.0;0.0;6.587803523936029e-33;-0.15361426770687103;-0.12289141416549683;115.0;145.0;1.0;
-1.0;429.0;449.0;156.0;1.2;1.0200000000000007;1.0200000000000007;0.87;0.19000000000000072;0.0;0.0;6.587803523936029e-33;-0.12679894268512726;-0.10143915414810181;118.0;145.0;1.0;
-1.0;427.0;450.0;156.0;1.2;1.0300000000000007;1.0300000000000007;0.9;0.1600000000000007;0.0;0.0;6.587803523936029e-33;-0.0905190259218216;-0.07241522073745728;122.0;145.0;1.0;
-1.0;429.0;450.0;157.0;1.2;1.0400000000000007;1.0400000000000007;0.93;0.14000000000000068;0.0;0.0;6.587803523936029e-33;-0.04758947715163231;-0.03807158172130585;126.0;145.0;1.0;
-1.0;431.0;451.0;156.0;1.2;1.0500000000000007;1.0500000000000007;0.93;0.12000000000000066;0.0;0.0;6.587803523936029e-33;-0.012297093868255615;-0.009837675094604493;130.0;144.0;1.0;
-1.0;430.0;451.0;156.0;1.2;1.0600000000000007;1.0600000000000007;0.98;0.13000000000000067;0.0;0.0;6.587803523936029e-33;0.009109806269407272;0.007287845015525818;132.0;145.0;1.0;
-1.0;431.0;451.0;156.0;1.2;1.0700000000000007;1.0700000000000007;1.01;0.09000000000000075;0.0;0.0;6.587803523936029e-33;0.009219329804182053;0.007375463843345642;132.0;144.0;1.0;
-1.0;433.0;451.0;156.0;1.2;1.0800000000000007;1.0800000000000007;1.02;0.07000000000000073;0.0;0.0;6.587803523936029e-33;0.058340080082416534;0.04667206406593323;137.0;144.0;1.0;
-1.0;435.0;451.0;156.0;1.2;1.0900000000000007;1.0900000000000007;1.01;0.07000000000000073;0.0;0.0;6.587803523936029e-33;0.032106198370456696;0.02568495869636536;134.0;145.0;1.0;
-1.0;437.0;450.0;156.0;1.2;1.1000000000000008;1.1000000000000008;1.08;0.09000000000000075;0.0;0.0;6.587803523936029e-33;-0.031915828585624695;-0.025532662868499756;128.0;145.0;1.0;
-1.0;433.0;451.0;156.0;1.2;1.1100000000000008;1.1100000000000008;1.1;0.030000000000000693;0.0;0.0;6.587803523936029e-33;-0.07363276183605194;-0.05890620946884156;123.0;144.0;1.0;
-1.0;433.0;449.0;156.0;1.2;1.1200000000000008;1.1200000000000008;1.08;0.020000000000000684;0.0;0.0;6.587803523936029e-33;-0.048565831035375595;-0.03885266482830048;126.0;145.0;1.0;
-1.0;433.0;449.0;156.0;1.2;1.1300000000000008;1.1300000000000008;1.13;0.05000000000000071;0.0;0.0;6.587803523936029e-33;-0.05622154101729393;-0.044977232813835144;125.0;145.0;1.0;
-1.0;435.0;449.0;156.0;1.2;1.1400000000000008;1.1400000000000008;1.13;0.010000000000000897;0.0;0.0;6.587803523936029e-33;-0.037019480019807816;-0.029615584015846255;127.0;145.0;1.0;
-1.0;436.0;448.0;156.0;1.2;1.1500000000000008;1.1500000000000008;1.15;0.020000000000000906;0.0;0.0;6.587803523936029e-33;-0.043178852647542953;-0.03454308211803436;127.0;145.0;1.0;
-1.0;434.0;448.0;156.0;1.2;1.1600000000000008;1.1600000000000008;1.15;0.010000000000000897;0.0;0.0;6.587803523936029e-33;-0.04105262830853462;-0.0328421026468277;127.0;145.0;1.0;
-1.0;435.0;448.0;156.0;1.2;1.1700000000000008;1.1700000000000008;1.17;0.020000000000000906;0.0;0.0;6.587803523936029e-33;-0.0035790279507637024;-0.002863222360610962;131.0;145.0;1.0;
-1.0;434.0;448.0;156.0;1.2;1.1800000000000008;1.1800000000000008;1.19;0.010000000000000897;0.0;0.0;6.587803523936029e-33;-0.032392311841249466;-0.025913849472999573;128.0;145.0;1.0;
-1.0;435.0;449.0;156.0;1.2;1.1900000000000008;1.1900000000000008;1.2;8.881784197001252e-16;0.0;0.0;6.587803523936029e-33;-0.044625189155340195;-0.03570015132427216;126.0;145.0;1.0;
-1.0;435.0;449.0;156.0;1.2;1.2;1.2;1.23;0.0;0.0;0.0;6.587803523936029e-33;-0.0254475437104702;-0.02035803496837616;128.0;146.0;1.0;
-1.0;435.0;449.0;156.0;1.2;1.2;1.2;1.23;-0.030000000000000027;0.0;0.0;6.587803523936029e-33;-0.039151038974523544;-0.031320831179618834;127.0;145.0;1.0;
-1.0;435.0;447.0;156.0;1.2;1.2;1.2;1.22;-0.030000000000000027;0.0;0.0;6.587803523936029e-33;-0.038276467472314835;-0.03062117397785187;127.0;145.0;1.0;
-1.0;434.0;450.0;157.0;1.2;1.2;1.2;1.28;-0.020000000000000018;0.0;0.0;6.587803523936029e-33;-0.058032263070344925;-0.046425810456275945;125.0;145.0;1.0;
-1.0;434.0;448.0;156.0;1.2;1.2;1.2;1.28;-0.08000000000000007;0.0;0.0;6.587803523936029e-33;-0.11423742771148682;-0.09138994216918946;119.0;145.0;1.0;
-1.0;433.0;448.0;156.0;1.2;1.2;1.2;1.25;-0.08000000000000007;0.0;0.0;6.587803523936029e-33;-0.15096282958984375;-0.120770263671875;116.0;145.0;1.0;
-1.0;435.0;447.0;156.0;1.2;1.2;1.2;1.29;-0.050000000000000044;0.0;0.0;6.587803523936029e-33;-0.15580318868160248;-0.12464255094528198;115.0;145.0;1.0;
-1.0;435.0;446.0;156.0;1.2;1.2;1.2;1.31;-0.09000000000000008;0.0;0.0;6.587803523936029e-33;-0.15408143401145935;-0.12326514720916748;115.0;145.0;1.0;
-1.0;434.0;447.0;156.0;1.2;1.2;1.2;1.34;-0.1100000000000001;0.0;0.0;6.587803523936029e-33;-0.17311906814575195;-0.13849525451660158;113.0;144.0;1.0;
-1.0;433.0;445.0;156.0;1.2;1.2;1.2;1.32;-0.14000000000000012;0.0;0.0;6.587803523936029e-33;-0.14544154703617096;-0.11635323762893678;116.0;144.0;1.0;
-1.0;433.0;446.0;156.0;1.2;1.2;1.2;1.31;-0.1200000000000001;0.0;0.0;6.587803523936029e-33;-0.11231015622615814;-0.08984812498092652;120.0;144.0;1.0;
-1.0;431.0;446.0;156.0;1.2;1.2;1.2;1.35;-0.1100000000000001;0.0;0.0;6.587803523936029e-33;-0.06914973258972168;-0.055319786071777344;124.0;144.0;1.0;
-1.0;430.0;446.0;157.0;1.2;1.2;1.2;1.35;-0.15000000000000013;0.0;0.0;6.587803523936029e-33;-0.04316416010260582;-0.03453132808208466;127.0;144.0;1.0;
-1.0;427.0;447.0;156.0;1.2;1.2;1.2;1.35;-0.15000000000000013;0.0;0.0;6.587803523936029e-33;-0.030431803315877914;-0.02434544265270233;128.0;144.0;1.0;
-1.0;423.0;446.0;156.0;1.2;1.2;1.2;1.37;-0.15000000000000013;0.0;0.0;6.587803523936029e-33;-0.02632441744208336;-0.02105953395366669;128.0;144.0;1.0;
-1.0;422.0;446.0;156.0;1.2;1.2;1.2;1.38;-0.17000000000000015;0.0;0.0;6.587803523936029e-33;-0.033491101115942;-0.026792880892753602;128.0;144.0;1.0;
-1.0;422.0;445.0;156.0;1.2;1.2;1.2;1.35;-0.17999999999999994;0.0;0.0;6.587803523936029e-33;0.009299073368310928;0.007439258694648743;132.0;144.0;1.0;
-1.0;420.0;446.0;156.0;1.2;1.2;1.2;1.38;-0.15000000000000013;0.0;0.0;6.587803523936029e-33;0.006184075027704239;0.004947260022163391;132.0;144.0;1.0;
-1.0;422.0;445.0;156.0;1.2;1.2;1.2;1.4;-0.17999999999999994;0.0;0.0;6.587803523936029e-33;0.00902736559510231;0.007221892476081848;132.0;144.0;1.0;
-1.0;421.0;444.0;157.0;1.2;1.2;1.2;1.38;-0.19999999999999996;0.0;0.0;6.587803523936029e-33;0.0310460664331913;0.02483685314655304;134.0;144.0;1.0;
-1.0;421.0;444.0;156.0;1.2;1.2;1.2;1.42;-0.17999999999999994;0.0;0.0;6.587803523936029e-33;0.06229836121201515;0.049838688969612126;137.0;144.0;1.0;
-1.0;423.0;444.0;156.0;1.2;1.2;1.2;1.4;-0.21999999999999997;0.0;0.0;6.587803523936029e-33;0.08731207251548767;0.06984965801239014;140.0;143.0;1.0;
-1.0;424.0;444.0;156.0;1.2;1.2;1.2;1.42;-0.19999999999999996;0.0;0.0;6.587803523936029e-33;0.09298941493034363;0.0743915319442749;140.0;144.0;1.0;
-1.0;424.0;445.0;156.0;1.2;1.2;1.2;1.41;-0.21999999999999997;0.0;0.0;6.587803523936029e-33;0.09580691158771515;0.07664552927017212;141.0;143.0;1.0;
-1.0;427.0;444.0;156.0;1.2;1.2;1.2;1.4;-0.20999999999999996;0.0;0.0;6.587803523936029e-33;0.06903137266635895;0.05522509813308716;138.0;143.0;1.0;
-1.0;428.0;442.0;156.0;1.2;1.2;1.2;1.44;-0.19999999999999996;0.0;0.0;6.587803523936029e-33;0.027082059532403946;0.021665647625923157;134.0;144.0;1.0;
-1.0;429.0;443.0;157.0;1.2;1.2;1.2;1.43;-0.24;0.0;0.0;6.587803523936029e-33;-0.039250921458005905;-0.03140073716640473;127.0;143.0;1.0;
-1.0;429.0;440.0;156.0;1.2;1.2;1.2;1.27;-0.22999999999999998;0.0;0.0;6.587803523936029e-33;-0.06737658381462097;-0.05390126705169678;124.0;143.0;1.0;
-1.0;428.0;441.0;156.0;1.2;1.2;1.2;1.28;-0.07000000000000006;0.0;0.0;6.587803523936029e-33;-0.08468830585479736;-0.06775064468383789;122.0;145.0;1.0;
-1.0;428.0;437.0;156.0;1.2;1.2;1.2;1.3;-0.08000000000000007;0.0;0.0;6.587803523936029e-33;-0.0917419046163559;-0.07339352369308472;122.0;145.0;1.0;
-1.0;429.0;434.0;156.0;1.2;1.2;1.2;1.32;-0.10000000000000009;0.0;0.0;6.587803523936029e-33;-0.10337083041667938;-0.08269666433334351;120.0;145.0;1.0;
-1.0;430.0;427.0;156.0;1.2;1.2;1.2;1.37;-0.1200000000000001;0.0;0.0;6.587803523936029e-33;-0.12173078954219818;-0.09738463163375854;119.0;144.0;1.0;
-1.0;432.0;413.0;156.0;1.2;1.2;1.2;1.38;-0.17000000000000015;0.0;0.0;6.587803523936029e-33;-0.1459442526102066;-0.11675540208816529;116.0;144.0;1.0;
-1.0;434.0;385.0;156.0;1.2;1.2;1.2;1.41;-0.17999999999999994;0.0;0.0;6.587803523936029e-33;-0.1556054651737213;-0.12448437213897706;115.0;144.0;1.0;
-1.0;436.0;378.0;157.0;1.2;1.2;1.2;1.38;-0.20999999999999996;0.0;0.0;6.587803523936029e-33;-0.17003126442432404;-0.13602501153945923;114.0;143.0;1.0;
-1.0;433.0;362.0;156.0;1.2;1.2;1.2;1.39;-0.17999999999999994;0.0;0.0;6.587803523936029e-33;-0.12599319219589233;-0.10079455375671387;118.0;144.0;1.0;
-1.0;436.0;344.0;156.0;1.2;1.2;1.2;1.36;-0.18999999999999995;0.0;0.0;6.587803523936029e-33;-0.1607425957918167;-0.12859407663345337;115.0;144.0;1.0;
-1.0;437.0;337.0;156.0;1.2;1.2;1.2;1.38;-0.16000000000000014;0.0;0.0;6.587803523936029e-33;-0.15443073213100433;-0.12354458570480348;115.0;144.0;1.0;
-1.0;438.0;321.0;156.0;1.2;1.2;1.2;1.4;-0.17999999999999994;0.0;0.0;6.587803523936029e-33;-0.16787877678871155;-0.13430302143096925;114.0;144.0;1.0;
-1.0;441.0;291.0;157.0;1.2;1.2;1.2;1.42;-0.19999999999999996;0.0;0.0;6.587803523936029e-33;-0.1831190437078476;-0.1464952349662781;112.0;144.0;1.0;
-1.0;444.0;285.0;156.0;1.2;1.2;1.2;1.4;-0.21999999999999997;0.0;0.0;6.587803523936029e-33;-0.13430915772914886;-0.10744732618331909;117.0;143.0;1.0;
-1.0;445.0;282.0;156.0;1.2;1.2;1.2;1.42;-0.19999999999999996;0.0;0.0;6.587803523936029e-33;-0.10815279185771942;-0.08652223348617555;120.0;144.0;1.0;
-1.0;446.0;278.0;156.0;1.2;1.2;1.2;1.43;-0.21999999999999997;0.0;0.0;6.587803523936029e-33;-0.08782383799552917;-0.07025907039642335;122.0;143.0;1.0;
-1.0;444.0;275.0;156.0;1.2;1.2;1.2;1.41;-0.22999999999999998;0.0;0.0;6.587803523936029e-33;-0.05870592221617699;-0.04696473777294159;125.0;143.0;1.0;
-1.0;446.0;272.0;156.0;1.2;1.2;1.2;1.43;-0.20999999999999996;0.0;0.0;6.587803523936029e-33;-0.08225497603416443;-0.06580398082733155;123.0;143.0;1.0;
-1.0;446.0;266.0;156.0;1.2;1.2;1.2;1.42;-0.22999999999999998;0.0;0.0;6.587803523936029e-33;-0.09025123715400696;-0.07220098972320557;122.0;143.0;1.0;
-1.0;442.0;260.0;156.0;1.2;1.2;1.2;1.46;-0.21999999999999997;0.0;0.0;6.587803523936029e-33;-0.08332142233848572;-0.06665713787078857;123.0;143.0;1.0;
-1.0;440.0;257.0;156.0;1.2;1.2;1.2;1.46;-0.26;0.0;0.0;6.587803523936029e-33;-0.0631898045539856;-0.05055184364318848;125.0;143.0;1.0;
-1.0;429.0;254.0;156.0;1.2;1.2;1.2;1.45;-0.26;0.0;0.0;6.587803523936029e-33;-0.020810160785913467;-0.016648128628730774;129.0;143.0;1.0;
-1.0;404.0;252.0;156.0;1.2;1.2;1.2;1.47;-0.25;0.0;0.0;6.587803523936029e-33;-0.004990678280591965;-0.003992542624473572;130.0;143.0;1.0;
-1.0;391.0;251.0;156.0;1.2;1.2;1.2;1.46;-0.27;0.0;0.0;6.587803523936029e-33;-0.0280517116189003;-0.02244136929512024;128.0;143.0;1.0;
-1.0;351.0;249.0;156.0;1.2;1.2;1.2;1.47;-0.26;0.0;0.0;6.587803523936029e-33;-0.0365380123257637;-0.029230409860610963;127.0;143.0;1.0;
-1.0;327.0;248.0;156.0;1.2;1.2;1.2;1.47;-0.27;0.0;0.0;6.587803523936029e-33;-0.029348749667406082;-0.023478999733924866;128.0;143.0;1.0;
-1.0;319.0;245.0;155.0;1.2;1.2;1.2;1.45;-0.27;0.0;0.0;6.587803523936029e-33;-0.0994577556848526;-0.07956620454788209;121.0;143.0;1.0;
-1.0;305.0;245.0;156.0;1.2;1.2;1.2;1.5;-0.25;0.0;0.0;6.587803523936029e-33;-0.11260879039764404;-0.09008703231811524;120.0;143.0;1.0;
-1.0;296.0;244.0;156.0;1.2;1.2;1.2;1.49;-0.30000000000000004;0.0;0.0;6.587803523936029e-33;-0.2393655776977539;-0.19149246215820315;107.0;143.0;1.0;
-1.0;286.0;242.0;156.0;1.2;1.2;1.2;1.5;-0.29000000000000004;0.0;0.0;6.587803523936029e-33;-0.21445465087890625;-0.171563720703125;109.0;143.0;1.0;
-1.0;278.0;243.0;155.0;1.2;1.2;1.2;1.42;-0.30000000000000004;0.0;0.0;6.587803523936029e-33;-0.09244963526725769;-0.07395970821380615;122.0;143.0;1.0;
-1.0;272.0;241.0;156.0;1.2;1.2;1.2;1.33;-0.21999999999999997;0.0;0.0;6.587803523936029e-33;-0.10345087945461273;-0.0827607035636902;120.0;143.0;1.0;
-1.0;271.0;242.0;155.0;1.2;1.2;1.2;1.3;-0.13000000000000012;0.0;0.0;6.587803523936029e-33;-0.12163397669792175;-0.09730718135833741;119.0;144.0;1.0;
-1.0;271.0;240.0;156.0;1.2;1.2;1.2;1.33;-0.10000000000000009;0.0;0.0;6.587803523936029e-33;-0.16482213139533997;-0.13185770511627198;114.0;145.0;1.0;
-1.0;270.0;241.0;156.0;1.2;1.2;1.2;1.24;-0.13000000000000012;0.0;0.0;6.587803523936029e-33;-0.23950091004371643;-0.19160072803497316;107.0;144.0;1.0;
-1.0;269.0;245.0;156.0;1.2;1.2;1.2;1.25;-0.040000000000000036;0.0;0.0;6.587803523936029e-33;-0.28821873664855957;-0.23057498931884768;102.0;145.0;1.0;
-1.0;272.0;268.0;156.0;1.2;1.2;1.2;1.27;-0.050000000000000044;0.0;0.0;6.587803523936029e-33;-0.349869966506958;-0.2798959732055664;95.0;145.0;1.0;
-1.0;273.0;292.0;156.0;1.2;1.2;1.2;1.31;-0.07000000000000006;0.0;0.0;6.587803523936029e-33;-0.2795412242412567;-0.2236329793930054;102.0;145.0;1.0;
-1.0;275.0;312.0;156.0;1.2;1.2;1.2;1.3;-0.1100000000000001;0.0;0.0;6.587803523936029e-33;-0.2898682653903961;-0.2318946123123169;101.0;144.0;1.0;
-1.0;276.0;318.0;156.0;1.2;1.2;1.2;1.27;-0.10000000000000009;0.0;0.0;6.587803523936029e-33;-0.3232324421405792;-0.2585859537124634;98.0;145.0;1.0;
-1.0;277.0;327.0;156.0;1.2;1.2;1.2;1.31;-0.07000000000000006;0.0;0.0;6.587803523936029e-33;-0.354804664850235;-0.283843731880188;95.0;145.0;1.0;
-1.0;280.0;328.0;156.0;1.2;1.2;1.2;1.28;-0.1100000000000001;0.0;0.0;6.587803523936029e-33;-0.40850985050201416;-0.32680788040161135;89.0;144.0;1.0;
-1.0;282.0;324.0;156.0;1.2;1.2;1.2;1.29;-0.08000000000000007;0.0;0.0;6.587803523936029e-33;-0.39853528141975403;-0.3188282251358032;90.0;145.0;1.0;
-1.0;282.0;319.0;156.0;1.2;1.2;1.2;1.31;-0.09000000000000008;0.0;0.0;6.587803523936029e-33;-0.4607185125350952;-0.3685748100280762;84.0;145.0;1.0;
-1.0;283.0;306.0;156.0;1.2;1.2;1.2;1.32;-0.1100000000000001;0.0;0.0;6.587803523936029e-33;-0.5242574214935303;-0.4194059371948242;78.0;144.0;1.0;
-1.0;284.0;299.0;156.0;1.2;1.2;1.2;1.33;-0.1200000000000001;0.0;0.0;6.587803523936029e-33;-0.6563251614570618;-0.5250601291656495;64.0;144.0;1.0;
-1.0;285.0;289.0;156.0;1.2;1.2;1.2;1.31;-0.13000000000000012;0.0;0.0;6.587803523936029e-33;-0.6823848485946655;-0.5459078788757324;61.0;144.0;1.0;
-1.0;289.0;281.0;156.0;1.2;1.2;1.2;1.35;-0.1100000000000001;0.0;0.0;6.587803523936029e-33;-0.7722700834274292;-0.6178160667419434;52.0;144.0;1.0;
-1.0;289.0;280.0;156.0;1.2;1.2;1.2;1.37;-0.15000000000000013;0.0;0.0;6.587803523936029e-33;-0.8544692993164062;-0.683575439453125;44.0;144.0;1.0;
-1.0;291.0;279.0;156.0;1.2;1.2;1.2;1.37;-0.17000000000000015;0.0;0.0;6.587803523936029e-33;-0.8156130313873291;-0.6524904251098633;48.0;144.0;1.0;
-1.0;289.0;282.0;156.0;1.2;1.2;1.2;1.37;-0.17000000000000015;0.0;0.0;6.587803523936029e-33;-0.8163654804229736;-0.6530923843383789;48.0;144.0;1.0;
-1.0;292.0;282.0;156.0;1.2;1.2;1.2;1.35;-0.17000000000000015;0.0;0.0;6.587803523936029e-33;-0.721585214138031;-0.5772681713104248;57.0;144.0;1.0;
-1.0;292.0;281.0;156.0;1.2;1.2;1.2;1.35;-0.15000000000000013;0.0;0.0;6.587803523936029e-33;-0.7344710826873779;-0.5875768661499023;56.0;144.0;1.0;
-1.0;293.0;283.0;156.0;1.2;1.2;1.2;1.39;-0.15000000000000013;0.0;0.0;6.587803523936029e-33;-0.7520222663879395;-0.6016178131103516;54.0;144.0;1.0;
-1.0;300.0;284.0;156.0;1.2;1.2;1.2;1.42;-0.18999999999999995;0.0;0.0;6.587803523936029e-33;-0.7424672245979309;-0.5939737796783447;55.0;144.0;1.0;
-1.0;301.0;286.0;156.0;1.2;1.2;1.2;1.43;-0.21999999999999997;0.0;0.0;6.587803523936029e-33;-0.6686875224113464;-0.5349500179290771;63.0;143.0;1.0;
-1.0;309.0;287.0;156.0;1.2;1.2;1.2;1.4;-0.22999999999999998;0.0;0.0;6.587803523936029e-33;-0.551001250743866;-0.4408010005950928;75.0;143.0;1.0;
-1.0;312.0;288.0;156.0;1.2;1.2;1.2;1.42;-0.19999999999999996;0.0;0.0;6.587803523936029e-33;-0.5464949011802673;-0.4371959209442139;75.0;144.0;1.0;
-1.0;320.0;288.0;156.0;1.2;1.2;1.2;1.42;-0.21999999999999997;0.0;0.0;6.587803523936029e-33;-0.5258747339248657;-0.4206997871398926;77.0;143.0;1.0;
-1.0;329.0;288.0;156.0;1.2;1.2;1.2;1.43;-0.21999999999999997;0.0;0.0;6.587803523936029e-33;-0.5261812210083008;-0.42094497680664067;77.0;143.0;1.0;
-1.0;337.0;286.0;156.0;1.2;1.2;1.2;1.42;-0.22999999999999998;0.0;0.0;6.587803523936029e-33;-0.48505595326423645;-0.3880447626113892;82.0;143.0;1.0;
-1.0;346.0;288.0;156.0;1.2;1.2;1.2;1.29;-0.21999999999999997;0.0;0.0;6.587803523936029e-33;-0.4271570146083832;-0.34172561168670657;87.0;143.0;1.0;
-1.0;349.0;289.0;156.0;1.2;1.2;1.2;1.29;-0.09000000000000008;0.0;0.0;6.587803523936029e-33;-0.4599709212779999;-0.3679767370223999;84.0;145.0;1.0;
-1.0;356.0;290.0;156.0;1.2;1.2;1.2;1.24;-0.09000000000000008;0.0;0.0;6.587803523936029e-33;-0.44454529881477356;-0.35563623905181885;86.0;145.0;1.0;
-1.0;356.0;288.0;156.0;1.2;1.2;1.2;1.23;-0.040000000000000036;0.0;0.0;6.587803523936029e-33;-0.47506657242774963;-0.38005325794219974;83.0;145.0;1.0;
-1.0;359.0;290.0;156.0;1.2;1.2;1.2;1.24;-0.030000000000000027;0.0;0.0;6.587803523936029e-33;-0.4298710525035858;-0.3438968420028687;87.0;145.0;1.0;
-1.0;365.0;288.0;156.0;1.2;1.2;1.2;1.3;-0.040000000000000036;0.0;0.0;6.587803523936029e-33;-0.3915472626686096;-0.3132378101348877;91.0;145.0;1.0;
-1.0;365.0;287.0;156.0;1.2;1.2;1.2;1.29;-0.10000000000000009;0.0;0.0;6.587803523936029e-33;-0.4463858902454376;-0.3571087121963501;85.0;145.0;1.0;
-1.0;365.0;286.0;156.0;1.2;1.2;1.2;1.26;-0.09000000000000008;0.0;0.0;6.587803523936029e-33;-0.4945473372936249;-0.3956378698348999;81.0;145.0;1.0;
-1.0;365.0;283.0;156.0;1.2;1.2;1.2;1.28;-0.06000000000000005;0.0;0.0;6.587803523936029e-33;-0.5535598397254944;-0.44284787178039553;75.0;145.0;1.0;
-1.0;365.0;280.0;156.0;1.2;1.2;1.2;1.29;-0.08000000000000007;0.0;0.0;6.587803523936029e-33;-0.5071831345558167;-0.40574650764465336;79.0;145.0;1.0;
-1.0;364.0;264.0;156.0;1.2;1.2;1.2;1.25;-0.09000000000000008;0.0;0.0;6.587803523936029e-33;-0.4783112704753876;-0.38264901638031007;82.0;145.0;1.0;
-1.0;363.0;242.0;156.0;1.2;1.2;1.2;1.31;-0.050000000000000044;0.0;0.0;6.587803523936029e-33;-0.41797301173210144;-0.3343784093856812;88.0;145.0;1.0;
-1.0;363.0;239.0;156.0;1.2;1.2;1.2;1.32;-0.1100000000000001;0.0;0.0;6.587803523936029e-33;-0.4661731421947479;-0.37293851375579834;83.0;144.0;1.0;
-1.0;-1.0;235.0;156.0;1.2;1.2;1.2;1.33;-0.1200000000000001;0.0;0.0;6.587803523936029e-33;-0.4814006984233856;-0.38512055873870854;82.0;144.0;1.0;
-1.0;-1.0;235.0;156.0;1.2;1.2;1.2;1.32;-0.13000000000000012;0.0;0.0;6.587803523936029e-33;-0.49628904461860657;-0.3970312356948853;80.0;144.0;1.0;
-1.0;-1.0;233.0;156.0;1.2;1.2;1.2;1.33;-0.1200000000000001;0.0;0.0;6.587803523936029e-33;-0.505983829498291;-0.4047870635986328;79.0;144.0;1.0;
-1.0;-1.0;233.0;156.0;1.2;1.2;1.2;1.32;-0.13000000000000012;0.0;0.0;6.587803523936029e-33;-0.48840615153312683;-0.3907249212265015;81.0;144.0;1.0;
-1.0;-1.0;233.0;156.0;1.2;1.2;1.2;1.36;-0.1200000000000001;0.0;0.0;6.587803523936029e-33;-0.4725247025489807;-0.3780197620391846;83.0;144.0;1.0;
-1.0;-1.0;233.0;156.0;1.2;1.2;1.2;1.36;-0.16000000000000014;0.0;0.0;6.587803523936029e-33;-0.45509204268455505;-0.36407363414764404;85.0;144.0;1.0;
-1.0;362.0;232.0;156.0;1.2;1.2;1.2;1.34;-0.16000000000000014;0.0;0.0;6.587803523936029e-33;-0.5279227495193481;-0.4223381996154785;77.0;144.0;1.0;
-1.0;362.0;233.0;155.0;1.2;1.2;1.2;1.37;-0.14000000000000012;0.0;0.0;6.587803523936029e-33;-0.5089282393455505;-0.40714259147644044;79.0;144.0;1.0;
-1.0;361.0;231.0;156.0;1.2;1.2;1.2;1.38;-0.17000000000000015;0.0;0.0;6.587803523936029e-33;-0.5138348937034607;-0.41106791496276857;79.0;144.0;1.0;
-1.0;361.0;230.0;155.0;1.2;1.2;1.2;1.36;-0.17999999999999994;0.0;0.0;6.587803523936029e-33;-0.48257532715797424;-0.3860602617263794;82.0;144.0;1.0;
-1.0;357.0;230.0;155.0;1.2;1.2;1.2;1.4;-0.16000000000000014;0.0;0.0;6.587803523936029e-33;-0.45373523235321045;-0.36298818588256837;85.0;144.0;1.0;
-1.0;355.0;229.0;156.0;1.2;1.2;1.2;1.39;-0.19999999999999996;0.0;0.0;6.587803523936029e-33;-0.4089108407497406;-0.3271286725997925;89.0;144.0;1.0;
-1.0;353.0;230.0;156.0;1.2;1.2;1.2;1.41;-0.18999999999999995;0.0;0.0;6.587803523936029e-33;-0.43312934041023254;-0.34650347232818607;87.0;144.0;1.0;
-1.0;353.0;229.0;156.0;1.2;1.2;1.2;1.41;-0.20999999999999996;0.0;0.0;6.587803523936029e-33;-0.452129602432251;-0.3617036819458008;85.0;143.0;1.0;
-1.0;350.0;229.0;156.0;1.2;1.2;1.2;1.42;-0.20999999999999996;0.0;0.0;6.587803523936029e-33;-0.3865557909011841;-0.30924463272094727;92.0;143.0;1.0;
-1.0;346.0;228.0;156.0;1.2;1.2;1.2;1.42;-0.21999999999999997;0.0;0.0;6.587803523936029e-33;-0.3793943524360657;-0.3035154819488526;92.0;143.0;1.0;
-1.0;332.0;228.0;156.0;1.2;1.2;1.2;1.31;-0.21999999999999997;0.0;0.0;6.587803523936029e-33;-0.3310072124004364;-0.26480576992034915;97.0;143.0;1.0;
-1.0;329.0;228.0;156.0;1.2;1.2;1.2;1.25;-0.1100000000000001;0.0;0.0;6.587803523936029e-33;-0.2569189965724945;-0.20553519725799563;105.0;144.0;1.0;
-1.0;328.0;228.0;156.0;1.2;1.2;1.2;1.26;-0.050000000000000044;0.0;0.0;6.587803523936029e-33;-0.24585723876953125;-0.196685791015625;106.0;145.0;1.0;
-1.0;327.0;228.0;156.0;1.2;1.2;1.2;1.28;-0.06000000000000005;0.0;0.0;6.587803523936029e-33;-0.283138632774353;-0.22651090621948244;102.0;145.0;1.0;
-1.0;326.0;227.0;156.0;1.2;1.2;1.2;1.32;-0.08000000000000007;0.0;0.0;6.587803523936029e-33;-0.26979124546051025;-0.21583299636840822;103.0;145.0;1.0;
-1.0;323.0;229.0;156.0;1.2;1.2;1.2;1.36;-0.1200000000000001;0.0;0.0;6.587803523936029e-33;-0.2794601619243622;-0.22356812953948976;102.0;144.0;1.0;
-1.0;324.0;228.0;156.0;1.2;1.2;1.2;1.37;-0.16000000000000014;0.0;0.0;6.587803523936029e-33;-0.2506895363330841;-0.20055162906646729;105.0;144.0;1.0;
-1.0;327.0;228.0;156.0;1.2;1.2;1.2;1.38;-0.17000000000000015;0.0;0.0;6.587803523936029e-33;-0.2716846764087677;-0.21734774112701416;103.0;144.0;1.0;
-1.0;328.0;231.0;155.0;1.2;1.2;1.2;1.38;-0.17999999999999994;0.0;0.0;6.587803523936029e-33;-0.29745057225227356;-0.23796045780181885;101.0;144.0;1.0;
-1.0;328.0;230.0;156.0;1.2;1.2;1.2;1.35;-0.17999999999999994;0.0;0.0;6.587803523936029e-33;-0.37482887506484985;-0.2998631000518799;93.0;144.0;1.0;
-1.0;329.0;229.0;156.0;1.2;1.2;1.2;1.39;-0.15000000000000013;0.0;0.0;6.587803523936029e-33;-0.41086673736572266;-0.3286933898925781;89.0;144.0;1.0;
-1.0;-1.0;233.0;156.0;1.2;1.2;1.2;1.37;-0.18999999999999995;0.0;0.0;6.587803523936029e-33;-0.41945624351501465;-0.33556499481201174;88.0;144.0;1.0;
-1.0;-1.0;236.0;156.0;1.2;1.2;1.2;1.38;-0.17000000000000015;0.0;0.0;6.587803523936029e-33;-0.5253115892410278;-0.4202492713928223;77.0;144.0;1.0;
-1.0;332.0;237.0;155.0;1.2;1.2;1.2;1.4;-0.17999999999999994;0.0;0.0;6.587803523936029e-33;-0.4645611047744751;-0.3716488838195801;84.0;144.0;1.0;
-1.0;333.0;239.0;155.0;1.2;1.2;1.2;1.37;-0.19999999999999996;0.0;0.0;6.587803523936029e-33;-0.44975611567497253;-0.35980489253997805;85.0;144.0;1.0;
-1.0;334.0;241.0;156.0;1.2;1.2;1.2;1.4;-0.17000000000000015;0.0;0.0;6.587803523936029e-33;-0.405804306268692;-0.3246434450149536;90.0;144.0;1.0;
-1.0;335.0;249.0;156.0;1.2;1.2;1.2;1.41;-0.19999999999999996;0.0;0.0;6.587803523936029e-33;-0.3244834840297699;-0.25958678722381595;98.0;144.0;1.0;
-1.0;337.0;261.0;156.0;1.2;1.2;1.2;1.39;-0.20999999999999996;0.0;0.0;6.587803523936029e-33;-0.26772671937942505;-0.21418137550354005;104.0;143.0;1.0;
-1.0;346.0;272.0;156.0;1.2;1.2;1.2;1.43;-0.18999999999999995;0.0;0.0;6.587803523936029e-33;-0.28674691915512085;-0.22939753532409668;102.0;144.0;1.0;
-1.0;356.0;284.0;156.0;1.2;1.2;1.2;1.32;-0.22999999999999998;0.0;0.0;6.587803523936029e-33;-0.2731865644454956;-0.21854925155639648;103.0;143.0;1.0;
-1.0;357.0;288.0;156.0;1.2;1.2;1.2;1.27;-0.1200000000000001;0.0;0.0;6.587803523936029e-33;-0.2488032877445221;-0.1990426301956177;106.0;144.0;1.0;
-1.0;355.0;289.0;156.0;1.2;1.2;1.2;1.22;-0.07000000000000006;0.0;0.0;6.587803523936029e-33;-0.33012327551841736;-0.2640986204147339;97.0;145.0;1.0;
-1.0;347.0;292.0;156.0;1.2;1.2;1.2;1.23;-0.020000000000000018;0.0;0.0;6.587803523936029e-33;-0.42564231157302856;-0.3405138492584229;88.0;145.0;1.0;
-1.0;341.0;293.0;156.0;1.2;1.2;1.2;1.25;-0.030000000000000027;0.0;0.0;6.587803523936029e-33;-0.5639051795005798;-0.4511241436004639;73.0;145.0;1.0;
-1.0;318.0;293.0;156.0;1.2;1.2;1.2;1.27;-0.050000000000000044;0.0;0.0;6.587803523936029e-33;-0.4959279000759125;-0.39674232006073;80.0;145.0;1.0;
-1.0;309.0;294.0;156.0;1.2;1.2;1.2;1.26;-0.07000000000000006;0.0;0.0;6.587803523936029e-33;-0.40371638536453247;-0.322973108291626;90.0;145.0;1.0;
-1.0;305.0;294.0;156.0;1.2;1.2;1.2;1.3;-0.06000000000000005;0.0;0.0;6.587803523936029e-33;-0.3846483826637268;-0.30771870613098146;92.0;145.0;1.0;
-1.0;298.0;294.0;156.0;1.2;1.2;1.2;1.29;-0.10000000000000009;0.0;0.0;6.587803523936029e-33;-0.34795165061950684;-0.27836132049560547;96.0;145.0;1.0;
-1.0;289.0;295.0;156.0;1.2;1.2;1.2;1.25;-0.09000000000000008;0.0;0.0;6.587803523936029e-33;-0.3587664067745209;-0.2870131254196167;94.0;145.0;1.0;
-1.0;279.0;294.0;156.0;1.2;1.2;1.2;1.26;-0.050000000000000044;0.0;0.0;6.587803523936029e-33;-0.2637083828449249;-0.21096670627593994;104.0;145.0;1.0;
-1.0;263.0;296.0;156.0;1.2;1.2;1.2;1.31;-0.06000000000000005;0.0;0.0;6.587803523936029e-33;-0.17328858375549316;-0.13863086700439453;113.0;145.0;1.0;
-1.0;251.0;297.0;156.0;1.2;1.2;1.2;1.31;-0.1100000000000001;0.0;0.0;6.587803523936029e-33;-0.2503944933414459;-0.20031559467315674;105.0;144.0;1.0;
-1.0;244.0;297.0;156.0;1.2;1.2;1.2;1.33;-0.1100000000000001;0.0;0.0;6.587803523936029e-33;-0.38897505402565;-0.31118004322052006;91.0;144.0;1.0;
-1.0;241.0;297.0;156.0;1.2;1.2;1.2;1.32;-0.13000000000000012;0.0;0.0;6.587803523936029e-33;-0.39381811022758484;-0.3150544881820679;91.0;144.0;1.0;
-1.0;237.0;297.0;156.0;1.2;1.2;1.2;1.3;-0.1200000000000001;0.0;0.0;6.587803523936029e-33;-0.4356750547885895;-0.3485400438308716;87.0;144.0;1.0;
-1.0;236.0;297.0;156.0;1.2;1.2;1.2;1.34;-0.10000000000000009;0.0;0.0;6.587803523936029e-33;-0.49906566739082336;-0.3992525339126587;80.0;145.0;1.0;
-1.0;244.0;300.0;156.0;1.2;1.2;1.2;1.37;-0.14000000000000012;0.0;0.0;6.587803523936029e-33;-0.4321382939815521;-0.3457106351852417;87.0;144.0;1.0;
-1.0;243.0;304.0;156.0;1.2;1.2;1.2;1.36;-0.17000000000000015;0.0;0.0;6.587803523936029e-33;-0.4716065227985382;-0.3772852182388306;83.0;144.0;1.0;
-1.0;242.0;318.0;156.0;1.2;1.2;1.2;1.37;-0.16000000000000014;0.0;0.0;6.587803523936029e-33;-0.4788978397846222;-0.38311827182769775;82.0;144.0;1.0;
-1.0;242.0;329.0;156.0;1.2;1.2;1.2;1.38;-0.17000000000000015;0.0;0.0;6.587803523936029e-33;-0.5246388912200928;-0.4197111129760742;77.0;144.0;1.0;
-1.0;237.0;347.0;156.0;1.2;1.2;1.2;1.39;-0.17999999999999994;0.0;0.0;6.587803523936029e-33;-0.49177154898643494;-0.39341723918914795;81.0;144.0;1.0;
-1.0;233.0;358.0;156.0;1.2;1.2;1.2;1.4;-0.18999999999999995;0.0;0.0;6.587803523936029e-33;-0.49697962403297424;-0.39758369922637943;80.0;144.0;1.0;
-1.0;227.0;361.0;156.0;1.2;1.2;1.2;1.38;-0.19999999999999996;0.0;0.0;6.587803523936029e-33;-0.4734370708465576;-0.37874965667724614;83.0;144.0;1.0;
-1.0;222.0;362.0;156.0;1.2;1.2;1.2;1.4;-0.17999999999999994;0.0;0.0;6.587803523936029e-33;-0.3732355833053589;-0.2985884666442871;93.0;144.0;1.0;
-1.0;221.0;358.0;156.0;1.2;1.2;1.2;1.4;-0.19999999999999996;0.0;0.0;6.587803523936029e-33;-0.30727532505989075;-0.2458202600479126;100.0;144.0;1.0;
-1.0;215.0;351.0;156.0;1.2;1.2;1.2;1.38;-0.19999999999999996;0.0;0.0;6.587803523936029e-33;-0.3209872245788574;-0.25678977966308597;98.0;144.0;1.0;
-1.0;213.0;337.0;156.0;1.2;1.2;1.2;1.44;-0.17999999999999994;0.0;0.0;6.587803523936029e-33;-0.22978875041007996;-0.183831000328064;108.0;144.0;1.0;
-1.0;210.0;315.0;156.0;1.2;1.2;1.2;1.43;-0.24;0.0;0.0;6.587803523936029e-33;-0.14755387604236603;-0.11804310083389283;116.0;143.0;1.0;
-1.0;210.0;295.0;156.0;1.2;1.2;1.2;1.44;-0.22999999999999998;0.0;0.0;6.587803523936029e-33;-0.13596408069133759;-0.10877126455307007;117.0;143.0;1.0;
-1.0;209.0;277.0;156.0;1.2;1.2;1.2;1.38;-0.24;0.0;0.0;6.587803523936029e-33;-0.15708746016025543;-0.12566996812820436;115.0;143.0;1.0;
-1.0;207.0;260.0;156.0;1.2;1.2;1.2;1.3;-0.17999999999999994;0.0;0.0;6.587803523936029e-33;-0.197855144739151;-0.15828411579132082;111.0;144.0;1.0;
-1.0;208.0;253.0;156.0;1.2;1.2;1.2;1.25;-0.10000000000000009;0.0;0.0;6.587803523936029e-33;-0.1744316816329956;-0.13954534530639648;113.0;145.0;1.0;
-1.0;208.0;245.0;156.0;1.2;1.2;1.2;1.27;-0.050000000000000044;0.0;0.0;6.587803523936029e-33;-0.18712586164474487;-0.14970068931579592;112.0;145.0;1.0;
-1.0;213.0;243.0;156.0;1.2;1.2;1.2;1.31;-0.07000000000000006;0.0;0.0;6.587803523936029e-33;-0.1810971200466156;-0.14487769603729247;113.0;145.0;1.0;
-1.0;209.0;242.0;156.0;1.2;1.2;1.2;1.36;-0.1100000000000001;0.0;0.0;6.587803523936029e-33;-0.19340597093105316;-0.15472477674484253;111.0;144.0;1.0;
-1.0;205.0;241.0;156.0;1.2;1.2;1.2;1.36;-0.16000000000000014;0.0;0.0;6.587803523936029e-33;-0.0998075008392334;-0.07984600067138672;121.0;144.0;1.0;
-1.0;200.0;242.0;156.0;1.2;1.2;1.2;1.39;-0.16000000000000014;0.0;0.0;6.587803523936029e-33;-0.07262176275253296;-0.05809741020202637;124.0;144.0;1.0;
-1.0;198.0;244.0;156.0;1.2;1.2;1.2;1.39;-0.18999999999999995;0.0;0.0;6.587803523936029e-33;-0.032981257885694504;-0.026385006308555604;128.0;144.0;1.0;
-1.0;195.0;244.0;155.0;1.2;1.2;1.2;1.35;-0.18999999999999995;0.0;0.0;6.587803523936029e-33;-0.03594033047556877;-0.028752264380455018;127.0;144.0;1.0;
-1.0;185.0;244.0;156.0;1.2;1.2;1.2;1.36;-0.15000000000000013;0.0;0.0;6.587803523936029e-33;-0.0714234709739685;-0.05713877677917481;124.0;144.0;1.0;
-1.0;170.0;246.0;156.0;1.2;1.2;1.2;1.36;-0.16000000000000014;0.0;0.0;6.587803523936029e-33;-0.1908693015575409;-0.15269544124603274;112.0;144.0;1.0;
-1.0;159.0;247.0;156.0;1.2;1.2;1.2;1.4;-0.16000000000000014;0.0;0.0;6.587803523936029e-33;-0.24943259358406067;-0.19954607486724854;106.0;144.0;1.0;
-1.0;147.0;248.0;156.0;1.2;1.2;1.2;1.41;-0.19999999999999996;0.0;0.0;6.587803523936029e-33;-0.2226567566394806;-0.1781254053115845;108.0;144.0;1.0;
-1.0;140.0;248.0;156.0;1.2;1.2;1.2;1.39;-0.20999999999999996;0.0;0.0;6.587803523936029e-33;-0.29791584610939026;-0.23833267688751222;101.0;143.0;1.0;
-1.0;132.0;249.0;156.0;1.2;1.2;1.2;1.41;-0.18999999999999995;0.0;0.0;6.587803523936029e-33;-0.3019371032714844;-0.2415496826171875;100.0;144.0;1.0;
-1.0;126.0;249.0;157.0;1.2;1.2;1.2;1.44;-0.20999999999999996;0.0;0.0;6.587803523936029e-33;-0.26942452788352966;-0.21553962230682375;104.0;143.0;1.0;
-1.0;127.0;249.0;156.0;1.2;1.2;1.2;1.37;-0.24;0.0;0.0;6.587803523936029e-33;-0.27684345841407776;-0.2214747667312622;103.0;143.0;1.0;
-1.0;125.0;250.0;156.0;1.2;1.2;1.2;1.33;-0.17000000000000015;0.0;0.0;6.587803523936029e-33;-0.2042931318283081;-0.16343450546264648;110.0;144.0;1.0;
-1.0;125.0;251.0;156.0;1.2;1.2;1.2;1.32;-0.13000000000000012;0.0;0.0;6.587803523936029e-33;-0.17364946007728577;-0.13891956806182862;113.0;144.0;1.0;
-1.0;126.0;251.0;156.0;1.2;1.2;1.2;1.32;-0.1200000000000001;0.0;0.0;6.587803523936029e-33;-0.16384640336036682;-0.13107712268829347;114.0;144.0;1.0;
-1.0;127.0;251.0;156.0;1.2;1.2;1.2;1.28;-0.1200000000000001;0.0;0.0;6.587803523936029e-33;-0.14224109053611755;-0.11379287242889405;116.0;144.0;1.0;
-1.0;129.0;252.0;156.0;1.2;1.2;1.2;1.3;-0.08000000000000007;0.0;0.0;6.587803523936029e-33;-0.1679377555847168;-0.13435020446777343;114.0;145.0;1.0;
-1.0;136.0;255.0;156.0;1.2;1.2;1.2;1.31;-0.10000000000000009;0.0;0.0;6.587803523936029e-33;-0.14457201957702637;-0.1156576156616211;116.0;145.0;1.0;
-1.0;138.0;255.0;156.0;1.2;1.2;1.2;1.37;-0.1100000000000001;0.0;0.0;6.587803523936029e-33;-0.12752926349639893;-0.10202341079711914;118.0;144.0;1.0;
-1.0;145.0;258.0;156.0;1.2;1.2;1.2;1.36;-0.17000000000000015;0.0;0.0;6.587803523936029e-33;-0.08951263129711151;-0.0716101050376892;122.0;144.0;1.0;
-1.0;149.0;262.0;156.0;1.2;1.2;1.2;1.37;-0.16000000000000014;0.0;0.0;6.587803523936029e-33;-0.042421843856573105;-0.03393747508525848;127.0;144.0;1.0;
-1.0;151.0;266.0;156.0;1.2;1.2;1.2;1.38;-0.17000000000000015;0.0;0.0;6.587803523936029e-33;-0.04229586198925972;-0.03383668959140778;127.0;144.0;1.0;
-1.0;156.0;272.0;156.0;1.2;1.2;1.2;1.37;-0.17999999999999994;0.0;0.0;6.587803523936029e-33;-0.058599766343832016;-0.04687981307506561;125.0;144.0;1.0;
-1.0;161.0;291.0;156.0;1.2;1.2;1.2;1.33;-0.17000000000000015;0.0;0.0;6.587803523936029e-33;-0.05151057615876198;-0.04120846092700958;126.0;144.0;1.0;
-1.0;166.0;308.0;155.0;1.2;1.2;1.2;1.37;-0.13000000000000012;0.0;0.0;6.587803523936029e-33;-0.0012948103249073029;-0.0010358482599258424;131.0;144.0;1.0;
-1.0;171.0;318.0;155.0;1.2;1.2;1.2;1.37;-0.17000000000000015;0.0;0.0;6.587803523936029e-33;0.007416777312755585;0.005933421850204468;132.0;144.0;1.0;
-1.0;179.0;347.0;155.0;1.2;1.2;1.2;1.35;-0.17000000000000015;0.0;0.0;6.587803523936029e-33;0.017075814306735992;0.013660651445388795;133.0;144.0;1.0;
-1.0;180.0;361.0;156.0;1.2;1.2;1.2;1.39;-0.15000000000000013;0.0;0.0;6.587803523936029e-33;0.05566885694861412;0.044535085558891296;137.0;144.0;1.0;
-1.0;173.0;392.0;156.0;1.2;1.2;1.2;1.4;-0.18999999999999995;0.0;0.0;6.587803523936029e-33;0.009874965995550156;0.007899972796440126;132.0;144.0;1.0;
-1.0;173.0;422.0;156.0;1.2;1.2;1.2;1.39;-0.19999999999999996;0.0;0.0;6.587803523936029e-33;-0.03908688202500343;-0.03126950562000275;127.0;144.0;1.0;
-1.0;171.0;436.0;156.0;1.2;1.2;1.2;1.42;-0.18999999999999995;0.0;0.0;6.587803523936029e-33;-0.014673516154289246;-0.011738812923431397;130.0;144.0;1.0;
-1.0;172.0;440.0;156.0;1.2;1.2;1.2;1.42;-0.21999999999999997;0.0;0.0;6.587803523936029e-33;0.020204070955514908;0.016163256764411927;133.0;143.0;1.0;
-1.0;174.0;443.0;156.0;1.2;1.2;1.2;1.39;-0.21999999999999997;0.0;0.0;6.587803523936029e-33;0.07160294055938721;0.05728235244750977;138.0;143.0;1.0;
-1.0;173.0;442.0;156.0;1.2;1.2;1.2;1.42;-0.18999999999999995;0.0;0.0;6.587803523936029e-33;0.13844677805900574;0.1107574224472046;145.0;144.0;1.0;
-1.0;167.0;441.0;156.0;1.2;1.2;1.2;1.43;-0.21999999999999997;0.0;0.0;6.587803523936029e-33;0.24262253940105438;0.1940980315208435;156.0;143.0;1.0;
-1.0;163.0;444.0;156.0;1.2;1.2;1.2;1.45;-0.22999999999999998;0.0;0.0;6.587803523936029e-33;0.27917587757110596;0.22334070205688478;159.0;143.0;1.0;
-1.0;162.0;446.0;156.0;1.2;1.2;1.2;1.44;-0.25;0.0;0.0;6.587803523936029e-33;0.26218125224113464;0.20974500179290773;158.0;143.0;1.0;
-1.0;162.0;446.0;156.0;1.2;1.2;1.2;1.41;-0.24;0.0;0.0;6.587803523936029e-33;0.23098556697368622;0.184788453578949;155.0;143.0;1.0;
-1.0;161.0;445.0;156.0;1.2;1.2;1.2;1.37;-0.20999999999999996;0.0;0.0;6.587803523936029e-33;0.21513468027114868;0.17210774421691896;153.0;143.0;1.0;
-1.0;156.0;448.0;156.0;1.2;1.2;1.2;1.34;-0.17000000000000015;0.0;0.0;6.587803523936029e-33;0.25820067524909973;0.2065605401992798;157.0;144.0;1.0;
-1.0;154.0;447.0;157.0;1.2;1.2;1.2;1.34;-0.14000000000000012;0.0;0.0;6.587803523936029e-33;0.2751263380050659;0.22010107040405275;159.0;144.0;1.0;
-1.0;157.0;445.0;156.0;1.2;1.2;1.2;1.28;-0.14000000000000012;0.0;0.0;6.587803523936029e-33;0.25691938400268555;0.20553550720214844;157.0;144.0;1.0;
-1.0;156.0;443.0;156.0;1.2;1.2;1.2;1.3;-0.08000000000000007;0.0;0.0;6.587803523936029e-33;0.06608603894710541;0.05286883115768433;138.0;145.0;1.0;
-1.0;154.0;441.0;156.0;1.2;1.2;1.2;1.31;-0.10000000000000009;0.0;0.0;6.587803523936029e-33;-0.010511841624975204;-0.008409473299980165;130.0;145.0;1.0;
-1.0;152.0;439.0;156.0;1.2;1.2;1.2;1.36;-0.1100000000000001;0.0;0.0;6.587803523936029e-33;-0.06041136011481285;-0.048329088091850284;125.0;144.0;1.0;
-1.0;150.0;436.0;156.0;1.2;1.2;1.2;1.38;-0.16000000000000014;0.0;0.0;6.587803523936029e-33;-0.13166695833206177;-0.10533356666564941;118.0;144.0;1.0;
-1.0;151.0;432.0;157.0;1.2;1.2;1.2;1.39;-0.17999999999999994;0.0;0.0;6.587803523936029e-33;-0.16128917038440704;-0.12903133630752564;115.0;144.0;1.0;
-1.0;155.0;425.0;157.0;1.2;1.2;1.2;1.4;-0.18999999999999995;0.0;0.0;6.587803523936029e-33;-0.15904538333415985;-0.12723630666732788;115.0;144.0;1.0;
-1.0;161.0;423.0;156.0;1.2;1.2;1.2;1.37;-0.19999999999999996;0.0;0.0;6.587803523936029e-33;-0.07835887372493744;-0.06268709897994995;123.0;144.0;1.0;
-1.0;163.0;415.0;156.0;1.2;1.2;1.2;1.37;-0.17000000000000015;0.0;0.0;6.587803523936029e-33;-0.014040540903806686;-0.01123243272304535;130.0;144.0;1.0;
-1.0;167.0;413.0;156.0;1.2;1.2;1.2;1.37;-0.17000000000000015;0.0;0.0;6.587803523936029e-33;0.025126362219452858;0.020101089775562287;134.0;144.0;1.0;
-1.0;170.0;409.0;156.0;1.2;1.2;1.2;1.37;-0.17000000000000015;0.0;0.0;6.587803523936029e-33;0.009290341287851334;0.007432273030281067;132.0;144.0;1.0;
-1.0;171.0;403.0;156.0;1.2;1.2;1.2;1.4;-0.17000000000000015;0.0;0.0;6.587803523936029e-33;0.026782754808664322;0.02142620384693146;134.0;144.0;1.0;
-1.0;169.0;401.0;156.0;1.2;1.2;1.2;1.4;-0.19999999999999996;0.0;0.0;6.587803523936029e-33;0.04157466068863869;0.03325972855091095;135.0;144.0;1.0;
-1.0;166.0;397.0;156.0;1.2;1.2;1.2;1.37;-0.19999999999999996;0.0;0.0;6.587803523936029e-33;0.11729602515697479;0.09383682012557984;143.0;144.0;1.0;
-1.0;163.0;396.0;156.0;1.2;1.2;1.2;1.43;-0.17000000000000015;0.0;0.0;6.587803523936029e-33;0.17017607390880585;0.13614085912704468;148.0;144.0;1.0;
-1.0;163.0;395.0;156.0;1.2;1.2;1.2;1.42;-0.22999999999999998;0.0;0.0;6.587803523936029e-33;0.1581200510263443;0.12649604082107543;147.0;143.0;1.0;
-1.0;162.0;392.0;156.0;1.2;1.2;1.2;1.41;-0.21999999999999997;0.0;0.0;6.587803523936029e-33;0.07201862335205078;0.05761489868164063;138.0;143.0;1.0;
-1.0;159.0;390.0;156.0;1.2;1.2;1.2;1.42;-0.20999999999999996;0.0;0.0;6.587803523936029e-33;0.050844285637140274;0.04067542850971222;136.0;143.0;1.0;
-1.0;154.0;386.0;156.0;1.2;1.2;1.2;1.37;-0.21999999999999997;0.0;0.0;6.587803523936029e-33;0.021717999130487442;0.017374399304389953;133.0;143.0;1.0;
-1.0;152.0;384.0;156.0;1.2;1.2;1.2;1.31;-0.17000000000000015;0.0;0.0;6.587803523936029e-33;-0.0050422511994838715;-0.004033800959587097;130.0;144.0;1.0;
-1.0;150.0;384.0;156.0;1.2;1.2;1.2;1.28;-0.1100000000000001;0.0;0.0;6.587803523936029e-33;-0.08437728881835938;-0.0675018310546875;122.0;144.0;1.0;
-1.0;151.0;385.0;156.0;1.2;1.2;1.2;1.26;-0.08000000000000007;0.0;0.0;6.587803523936029e-33;-0.11796490848064423;-0.09437192678451539;119.0;145.0;1.0;
-1.0;151.0;385.0;156.0;1.2;1.2;1.2;1.27;-0.06000000000000005;0.0;0.0;6.587803523936029e-33;-0.12712734937667847;-0.10170187950134278;118.0;145.0;1.0;
-1.0;152.0;384.0;156.0;1.2;1.2;1.2;1.34;-0.07000000000000006;0.0;0.0;6.587803523936029e-33;-0.149358868598938;-0.1194870948791504;116.0;145.0;1.0;
-1.0;150.0;383.0;157.0;1.2;1.2;1.2;1.37;-0.14000000000000012;0.0;0.0;6.587803523936029e-33;-0.177702397108078;-0.1421619176864624;113.0;144.0;1.0;
-1.0;149.0;382.0;156.0;1.2;1.2;1.2;1.37;-0.17000000000000015;0.0;0.0;6.587803523936029e-33;-0.23577973246574402;-0.18862378597259521;107.0;144.0;1.0;
-1.0;147.0;380.0;156.0;1.2;1.2;1.2;1.36;-0.17000000000000015;0.0;0.0;6.587803523936029e-33;-0.20274922251701355;-0.16219937801361084;110.0;144.0;1.0;
-1.0;144.0;377.0;156.0;1.2;1.2;1.2;1.31;-0.16000000000000014;0.0;0.0;6.587803523936029e-33;-0.2145271599292755;-0.17162172794342043;109.0;144.0;1.0;
-1.0;143.0;375.0;156.0;1.2;1.2;1.2;1.35;-0.1100000000000001;0.0;0.0;6.587803523936029e-33;-0.16899274289608002;-0.13519419431686402;114.0;144.0;1.0;
-1.0;143.0;375.0;156.0;1.2;1.2;1.2;1.37;-0.15000000000000013;0.0;0.0;6.587803523936029e-33;-0.06799730658531189;-0.05439784526824951;124.0;144.0;1.0;
-1.0;141.0;377.0;156.0;1.2;1.2;1.2;1.36;-0.17000000000000015;0.0;0.0;6.587803523936029e-33;-0.00753074511885643;-0.006024596095085145;130.0;144.0;1.0;
-1.0;140.0;376.0;157.0;1.2;1.2;1.2;1.38;-0.16000000000000014;0.0;0.0;6.587803523936029e-33;0.05500348284840584;0.04400278627872467;137.0;144.0;1.0;
-1.0;139.0;377.0;156.0;1.2;1.2;1.2;1.38;-0.17999999999999994;0.0;0.0;6.587803523936029e-33;0.17182758450508118;0.13746206760406496;149.0;144.0;1.0;
-1.0;138.0;375.0;156.0;1.2;1.2;1.2;1.36;-0.17999999999999994;0.0;0.0;6.587803523936029e-33;0.27148953080177307;0.21719162464141847;159.0;144.0;1.0;
-1.0;138.0;373.0;156.0;1.2;1.2;1.2;1.38;-0.16000000000000014;0.0;0.0;6.587803523936029e-33;0.33713284134864807;0.2697062730789185;165.0;144.0;1.0;
-1.0;136.0;370.0;156.0;1.2;1.2;1.2;1.39;-0.17999999999999994;0.0;0.0;6.587803523936029e-33;0.31089797616004944;0.24871838092803955;163.0;144.0;1.0;
-1.0;131.0;363.0;156.0;1.2;1.2;1.2;1.41;-0.18999999999999995;0.0;0.0;6.587803523936029e-33;0.30936720967292786;0.2474937677383423;163.0;144.0;1.0;
-1.0;127.0;360.0;156.0;1.2;1.2;1.2;1.41;-0.20999999999999996;0.0;0.0;6.587803523936029e-33;0.32243821024894714;0.25795056819915774;164.0;143.0;1.0;
-1.0;127.0;358.0;156.0;1.2;1.2;1.2;1.39;-0.20999999999999996;0.0;0.0;6.587803523936029e-33;0.3173629939556122;0.25389039516448975;163.0;143.0;1.0;
-1.0;126.0;356.0;156.0;1.2;1.2;1.2;1.42;-0.18999999999999995;0.0;0.0;6.587803523936029e-33;0.36771929264068604;0.2941754341125488;169.0;144.0;1.0;
-1.0;124.0;352.0;156.0;1.2;1.2;1.2;1.41;-0.21999999999999997;0.0;0.0;6.587803523936029e-33;0.3946654796600342;0.31573238372802737;171.0;143.0;1.0;
-1.0;117.0;349.0;156.0;1.2;1.2;1.2;1.42;-0.20999999999999996;0.0;0.0;6.587803523936029e-33;0.4133762717247009;0.33070101737976076;173.0;143.0;1.0;
-1.0;117.0;347.0;156.0;1.2;1.2;1.2;1.41;-0.21999999999999997;0.0;0.0;6.587803523936029e-33;0.40343597531318665;0.3227487802505493;172.0;143.0;1.0;
-1.0;118.0;349.0;156.0;1.2;1.2;1.2;1.45;-0.20999999999999996;0.0;0.0;6.587803523936029e-33;0.4168400764465332;0.3334720611572266;174.0;143.0;1.0;
-1.0;118.0;347.0;157.0;1.2;1.2;1.2;1.35;-0.25;0.0;0.0;6.587803523936029e-33;0.4141785800457001;0.3313428640365601;173.0;143.0;1.0;
-1.0;118.0;347.0;156.0;1.2;1.2;1.2;1.35;-0.15000000000000013;0.0;0.0;6.587803523936029e-33;0.4132971465587616;0.3306377172470093;173.0;144.0;1.0;
-1.0;118.0;344.0;156.0;1.2;1.2;1.2;1.34;-0.15000000000000013;0.0;0.0;6.587803523936029e-33;0.41082730889320374;0.32866184711456303;173.0;144.0;1.0;
-1.0;117.0;342.0;156.0;1.2;1.2;1.2;1.24;-0.14000000000000012;0.0;0.0;6.587803523936029e-33;0.39944565296173096;0.3195565223693848;172.0;144.0;1.0;
-1.0;117.0;343.0;157.0;1.2;1.2;1.2;1.2;-0.040000000000000036;0.0;0.0;6.587803523936029e-33;0.39754194021224976;0.31803355216979984;172.0;145.0;1.0;
-1.0;117.0;343.0;156.0;1.2;1.2;1.2;1.23;0.0;0.0;0.0;6.587803523936029e-33;0.39993584156036377;0.319948673248291;172.0;146.0;1.0;
-1.0;117.0;343.0;156.0;1.2;1.2;1.2;1.25;-0.030000000000000027;0.0;0.0;6.587803523936029e-33;0.3618297874927521;0.28946382999420167;168.0;145.0;1.0;
-1.0;118.0;341.0;156.0;1.2;1.2;1.2;1.29;-0.050000000000000044;0.0;0.0;6.587803523936029e-33;0.36014166474342346;0.2881133317947388;168.0;145.0;1.0;
-1.0;119.0;342.0;156.0;1.2;1.2;1.2;1.31;-0.09000000000000008;0.0;0.0;6.587803523936029e-33;0.3732595145702362;0.298607611656189;169.0;145.0;1.0;
-1.0;119.0;342.0;157.0;1.2;1.2;1.2;1.27;-0.1100000000000001;0.0;0.0;6.587803523936029e-33;0.3587597906589508;0.28700783252716067;168.0;144.0;1.0;
-1.0;120.0;341.0;156.0;1.2;1.2;1.2;1.26;-0.07000000000000006;0.0;0.0;6.587803523936029e-33;0.3440849184989929;0.27526793479919437;166.0;145.0;1.0;
-1.0;120.0;340.0;156.0;1.2;1.2;1.2;1.28;-0.06000000000000005;0.0;0.0;6.587803523936029e-33;0.336343377828598;0.26907470226287844;165.0;145.0;1.0;
-1.0;121.0;341.0;156.0;1.2;1.2;1.2;1.27;-0.08000000000000007;0.0;0.0;6.587803523936029e-33;0.35110315680503845;0.28088252544403075;167.0;145.0;1.0;
-1.0;121.0;340.0;156.0;1.2;1.2;1.2;1.3;-0.07000000000000006;0.0;0.0;6.587803523936029e-33;0.36366331577301025;0.2909306526184082;168.0;145.0;1.0;
-1.0;121.0;341.0;156.0;1.2;1.2;1.2;1.3;-0.10000000000000009;0.0;0.0;6.587803523936029e-33;0.3484176695346832;0.27873413562774657;167.0;145.0;1.0;
-1.0;120.0;337.0;156.0;1.2;1.2;1.2;1.34;-0.10000000000000009;0.0;0.0;6.587803523936029e-33;0.37375086545944214;0.2990006923675537;169.0;145.0;1.0;
-1.0;120.0;335.0;156.0;1.2;1.2;1.2;1.33;-0.14000000000000012;0.0;0.0;6.587803523936029e-33;0.3433936536312103;0.2747149229049683;166.0;144.0;1.0;
-1.0;119.0;336.0;156.0;1.2;1.2;1.2;1.31;-0.13000000000000012;0.0;0.0;6.587803523936029e-33;0.37380895018577576;0.2990471601486206;169.0;144.0;1.0;
-1.0;120.0;334.0;156.0;1.2;1.2;1.2;1.34;-0.1100000000000001;0.0;0.0;6.587803523936029e-33;0.3991943895816803;0.31935551166534426;172.0;144.0;1.0;
-1.0;120.0;334.0;156.0;1.2;1.2;1.2;1.36;-0.14000000000000012;0.0;0.0;6.587803523936029e-33;0.4122830331325531;0.3298264265060425;173.0;144.0;1.0;
-1.0;119.0;334.0;156.0;1.2;1.2;1.2;1.35;-0.16000000000000014;0.0;0.0;6.587803523936029e-33;0.42256543040275574;0.3380523443222046;174.0;144.0;1.0;
-1.0;119.0;333.0;156.0;1.2;1.2;1.2;1.37;-0.15000000000000013;0.0;0.0;6.587803523936029e-33;0.4008105397224426;0.3206484317779541;172.0;144.0;1.0;
-1.0;119.0;333.0;156.0;1.2;1.2;1.2;1.39;-0.17000000000000015;0.0;0.0;6.587803523936029e-33;0.43163153529167175;0.3453052282333374;175.0;144.0;1.0;
-1.0;119.0;333.0;156.0;1.2;1.2;1.2;1.38;-0.18999999999999995;0.0;0.0;6.587803523936029e-33;0.42564550042152405;0.34051640033721925;174.0;144.0;1.0;
-1.0;120.0;334.0;157.0;1.2;1.2;1.2;1.4;-0.17999999999999994;0.0;0.0;6.587803523936029e-33;0.42131897807121277;0.33705518245697025;174.0;144.0;1.0;
-1.0;120.0;334.0;156.0;1.2;1.2;1.2;1.4;-0.19999999999999996;0.0;0.0;6.587803523936029e-33;0.4235406219959259;0.3388324975967407;174.0;144.0;1.0;
-1.0;120.0;333.0;156.0;1.2;1.2;1.2;1.38;-0.19999999999999996;0.0;0.0;6.587803523936029e-33;0.4039193093776703;0.32313544750213624;172.0;144.0;1.0;
-1.0;120.0;334.0;156.0;1.2;1.2;1.2;1.41;-0.17999999999999994;0.0;0.0;6.587803523936029e-33;0.4072640538215637;0.325811243057251;173.0;144.0;1.0;
-1.0;118.0;335.0;156.0;1.2;1.2;1.2;1.41;-0.20999999999999996;0.0;0.0;6.587803523936029e-33;0.38977447152137756;0.3118195772171021;171.0;143.0;1.0;
-1.0;119.0;335.0;156.0;1.2;1.2;1.2;1.44;-0.20999999999999996;0.0;0.0;6.587803523936029e-33;0.3904612362384796;0.3123689889907837;171.0;143.0;1.0;
-1.0;120.0;334.0;156.0;1.2;1.2;1.2;1.43;-0.24;0.0;0.0;6.587803523936029e-33;0.40681982040405273;0.3254558563232422;172.0;143.0;1.0;
-1.0;120.0;334.0;156.0;1.2;1.2;1.2;1.39;-0.22999999999999998;0.0;0.0;6.587803523936029e-33;0.3958325684070587;0.316666054725647;171.0;143.0;1.0;
-1.0;121.0;335.0;156.0;1.2;1.2;1.2;1.35;-0.18999999999999995;0.0;0.0;6.587803523936029e-33;0.3886089026927948;0.31088712215423586;171.0;144.0;1.0;
-1.0;120.0;335.0;156.0;1.2;1.2;1.2;1.25;-0.15000000000000013;0.0;0.0;6.587803523936029e-33;0.37510132789611816;0.3000810623168946;169.0;144.0;1.0;
-1.0;120.0;334.0;156.0;1.2;1.2;1.2;1.29;-0.050000000000000044;0.0;0.0;6.587803523936029e-33;0.38398098945617676;0.30718479156494144;170.0;145.0;1.0;
-1.0;119.0;336.0;156.0;1.2;1.2;1.2;1.35;-0.09000000000000008;0.0;0.0;6.587803523936029e-33;0.375948429107666;0.30075874328613283;169.0;145.0;1.0;
-1.0;121.0;337.0;156.0;1.2;1.2;1.2;1.33;-0.15000000000000013;0.0;0.0;6.587803523936029e-33;0.40898221731185913;0.3271857738494873;173.0;144.0;1.0;
-1.0;120.0;337.0;155.0;1.2;1.2;1.2;1.36;-0.13000000000000012;0.0;0.0;6.587803523936029e-33;0.3938790261745453;0.3151032209396363;171.0;144.0;1.0;
-1.0;119.0;337.0;156.0;1.2;1.2;1.2;1.37;-0.16000000000000014;0.0;0.0;6.587803523936029e-33;0.40934208035469055;0.32747366428375246;173.0;144.0;1.0;
-1.0;118.0;337.0;156.0;1.2;1.2;1.2;1.35;-0.17000000000000015;0.0;0.0;6.587803523936029e-33;0.39750516414642334;0.31800413131713867;172.0;144.0;1.0;
-1.0;119.0;339.0;156.0;1.2;1.2;1.2;1.35;-0.15000000000000013;0.0;0.0;6.587803523936029e-33;0.38982170820236206;0.31185736656188967;171.0;144.0;1.0;
-1.0;118.0;339.0;156.0;1.2;1.2;1.2;1.33;-0.15000000000000013;0.0;0.0;6.587803523936029e-33;0.39622846245765686;0.3169827699661255;171.0;144.0;1.0;
-1.0;117.0;338.0;156.0;1.2;1.2;1.2;1.38;-0.13000000000000012;0.0;0.0;6.587803523936029e-33;0.39298179745674133;0.3143854379653931;171.0;144.0;1.0;
-1.0;116.0;339.0;156.0;1.2;1.2;1.2;1.38;-0.17999999999999994;0.0;0.0;6.587803523936029e-33;0.4237646758556366;0.3390117406845093;174.0;144.0;1.0;
-1.0;115.0;340.0;156.0;1.2;1.2;1.2;1.37;-0.17999999999999994;0.0;0.0;6.587803523936029e-33;0.4184603691101074;0.33476829528808594;174.0;144.0;1.0;
-1.0;115.0;341.0;156.0;1.2;1.2;1.2;1.4;-0.17000000000000015;0.0;0.0;6.587803523936029e-33;0.4466360807418823;0.35730886459350586;177.0;144.0;1.0;
-1.0;113.0;343.0;156.0;1.2;1.2;1.2;1.42;-0.19999999999999996;0.0;0.0;6.587803523936029e-33;0.4328010380268097;0.34624083042144777;175.0;144.0;1.0;
-1.0;114.0;343.0;156.0;1.2;1.2;1.2;1.41;-0.21999999999999997;0.0;0.0;6.587803523936029e-33;0.44184622168540955;0.35347697734832767;176.0;143.0;1.0;
-1.0;116.0;343.0;155.0;1.2;1.2;1.2;1.4;-0.20999999999999996;0.0;0.0;6.587803523936029e-33;0.41404980421066284;0.3312398433685303;173.0;143.0;1.0;
-1.0;114.0;344.0;156.0;1.2;1.2;1.2;1.42;-0.19999999999999996;0.0;0.0;6.587803523936029e-33;0.37726929783821106;0.3018154382705689;169.0;144.0;1.0;
-1.0;114.0;344.0;156.0;1.2;1.2;1.2;1.42;-0.21999999999999997;0.0;0.0;6.587803523936029e-33;0.34487512707710266;0.27590010166168216;166.0;143.0;1.0;
-1.0;115.0;345.0;156.0;1.2;1.2;1.2;1.44;-0.21999999999999997;0.0;0.0;6.587803523936029e-33;0.33525288105010986;0.2682023048400879;165.0;143.0;1.0;
-1.0;115.0;346.0;156.0;1.2;1.2;1.2;1.41;-0.24;0.0;0.0;6.587803523936029e-33;0.3127167522907257;0.2501734018325806;163.0;143.0;1.0;
-1.0;117.0;348.0;156.0;1.2;1.2;1.2;1.44;-0.20999999999999996;0.0;0.0;6.587803523936029e-33;0.2937156856060028;0.23497254848480226;161.0;143.0;1.0;
-1.0;118.0;349.0;156.0;1.2;1.2;1.2;1.4;-0.24;0.0;0.0;6.587803523936029e-33;0.2891034483909607;0.23128275871276857;160.0;143.0;1.0;
-1.0;119.0;349.0;156.0;1.2;1.2;1.2;1.31;-0.19999999999999996;0.0;0.0;6.587803523936029e-33;0.313030481338501;0.2504243850708008;163.0;144.0;1.0;
-1.0;121.0;349.0;156.0;1.2;1.2;1.2;1.36;-0.1100000000000001;0.0;0.0;6.587803523936029e-33;0.2911461591720581;0.2329169273376465;161.0;144.0;1.0;
-1.0;121.0;349.0;156.0;1.2;1.2;1.2;1.26;-0.16000000000000014;0.0;0.0;6.587803523936029e-33;0.28335297107696533;0.22668237686157228;160.0;144.0;1.0;
-1.0;122.0;349.0;155.0;1.2;1.2;1.2;1.34;-0.06000000000000005;0.0;0.0;6.587803523936029e-33;0.28569313883781433;0.2285545110702515;160.0;145.0;1.0;
-1.0;122.0;350.0;156.0;1.2;1.2;1.2;1.36;-0.14000000000000012;0.0;0.0;6.587803523936029e-33;0.26602086424827576;0.2128166913986206;158.0;144.0;1.0;
-1.0;125.0;349.0;156.0;1.2;1.2;1.2;1.38;-0.16000000000000014;0.0;0.0;6.587803523936029e-33;0.21727657318115234;0.1738212585449219;153.0;144.0;1.0;
-1.0;128.0;350.0;155.0;1.2;1.2;1.2;1.38;-0.17999999999999994;0.0;0.0;6.587803523936029e-33;0.15200668573379517;0.12160534858703614;147.0;144.0;1.0;
-1.0;128.0;350.0;156.0;1.2;1.2;1.2;1.39;-0.17999999999999994;0.0;0.0;6.587803523936029e-33;0.047271210700273514;0.037816968560218815;136.0;144.0;1.0;
-1.0;130.0;352.0;156.0;1.2;1.2;1.2;1.4;-0.18999999999999995;0.0;0.0;6.587803523936029e-33;-0.021901767700910568;-0.017521414160728454;129.0;144.0;1.0;
-1.0;133.0;353.0;155.0;1.2;1.2;1.2;1.39;-0.19999999999999996;0.0;0.0;6.587803523936029e-33;-0.0420057438313961;-0.033604595065116885;127.0;144.0;1.0;
-1.0;136.0;353.0;156.0;1.2;1.2;1.2;1.39;-0.18999999999999995;0.0;0.0;6.587803523936029e-33;-0.043863844126462936;-0.03509107530117035;127.0;144.0;1.0;
-1.0;136.0;353.0;156.0;1.2;1.2;1.2;1.39;-0.18999999999999995;0.0;0.0;6.587803523936029e-33;-0.061957817524671555;-0.049566254019737244;125.0;144.0;1.0;
-1.0;136.0;351.0;156.0;1.2;1.2;1.2;1.38;-0.18999999999999995;0.0;0.0;6.587803523936029e-33;-0.0553072951734066;-0.044245836138725285;125.0;144.0;1.0;
-1.0;137.0;351.0;156.0;1.2;1.2;1.2;1.39;-0.17999999999999994;0.0;0.0;6.587803523936029e-33;-0.028342004865407944;-0.022673603892326356;128.0;144.0;1.0;
-1.0;136.0;350.0;154.0;1.2;1.2;1.2;1.4;-0.18999999999999995;0.0;0.0;6.587803523936029e-33;-0.0018478967249393463;-0.0014783173799514772;131.0;144.0;1.0;
