-1.0;2.2;2.2;0.03;2.1700000000000004;128.0;80.0;87.0;387.0;0.035;0.020661394054683604;-0.061427142772922626;-0.010649173985306442;0.0;130.0;0.0;0.0;-2.0;339.0;0.00046679021324860093;-0.00017918397477264996;
-1.0;2.7987256387447723;2.24;0.03;2.2100000000000004;189.0;79.0;86.0;385.0;0.035;0.02002911524374691;-0.06755121036141594;-0.011585102320251605;0.0;130.0;1.0;0.0;-2.0;339.0;0.0009335804264972019;-0.0003583679495452999;
-1.0;2.7985870296870994;2.2800000000000002;0.03;2.2500000000000004;189.0;80.0;86.0;385.0;0.035;0.01952329219499753;-0.07497147235908742;-0.01284518466273105;0.0;129.0;1.0;0.0;0.0;339.0;0.0014003706397458027;-0.0005375519243179499;
-1.0;2.7985880635162457;2.3200000000000003;0.03;2.2900000000000005;189.0;80.0;86.0;382.0;0.03;0.006618633755997985;-0.0785055024876897;-0.012835786215947264;0.0;129.0;1.0;0.0;1.0;339.0;0.0018671608529944037;-0.0007167358990905999;
-1.0;2.7984563737857155;2.3600000000000003;0.06;2.3300000000000005;189.0;80.0;86.0;385.0;0.03;0.008294907004798416;-0.08581959102732868;-0.014032965584403303;0.0;129.0;1.0;0.01999999999998181;0.0;339.0;0.0028007412794916055;-0.0010751038486358998;
-1.0;5.49847069403199;2.4000000000000004;1.38;2.3400000000000003;190.0;80.0;86.0;386.0;0.03;0.009635925603838691;-0.08901964849162153;-0.013902781527357076;0.0;129.0;1.0;0.05999999999994543;-1.0;339.0;0.024273091088927248;-0.009317566688177799;
-1.0;5.498109461437899;2.4400000000000004;1.62;1.0600000000000005;176.0;81.0;85.0;383.0;0.03;0.010708740483070994;-0.10329996852228676;-0.017186714200917656;0.0;129.0;1.0;0.09999999999990905;-9.0;338.0;0.04930705516223049;-0.019431944710407476;
-1.0;5.49793769911301;2.4800000000000004;1.92;0.8600000000000003;169.0;80.0;86.0;385.0;0.02;-0.013433007613543229;-0.11307603235746169;-0.018748189881732352;0.0;129.0;1.0;0.13999999999998636;-4.0;338.0;0.07897693850836766;-0.031419355699716725;
-1.0;5.498830578687672;2.5200000000000005;2.03;0.6000000000000005;160.0;81.0;85.0;385.0;0.03;0.01625359390916544;-0.09097946664684335;-0.010631102839349612;0.0;130.0;1.0;0.17999999999994998;-1.0;338.0;0.11034665892121062;-0.04409354544362182;
-1.0;5.4985253055928585;2.5600000000000005;2.01;0.5300000000000007;158.0;80.0;86.0;383.0;0.02;-0.008997124872667664;-0.1012522706061137;-0.013406312792197651;0.0;129.0;1.0;0.2199999999999136;-5.0;338.0;0.14140731804919798;-0.05664286632305493;
-1.0;5.498941376669357;2.6000000000000005;1.68;0.5900000000000007;160.0;80.0;88.0;384.0;0.03;0.019802300101865858;-0.09083144665446605;-0.009623848460386098;0.0;130.0;1.0;0.2599999999999909;-6.0;338.0;0.167368465977068;-0.06713185093870053;
-1.0;5.499027498065604;2.6400000000000006;1.49;0.9600000000000006;174.0;80.0;87.0;383.0;0.04;0.04384184008149271;-0.08858217657089935;-0.008840926676328183;0.0;130.0;1.0;0.2799999999999727;5.0;338.0;0.19039353169880988;-0.07643458134186239;
-1.0;5.499280333257562;2.6800000000000006;1.03;1.1900000000000006;183.0;81.0;86.0;384.0;0.035;0.026573472065194156;-0.08090897676682964;-0.006542424931259635;0.0;130.0;1.0;0.2899999999999636;10.0;338.0;0.20631018786887304;-0.08286532786216891;
-1.0;5.499917828854627;2.7200000000000006;0.79;1.6900000000000006;191.0;80.0;85.0;386.0;0.025;-0.00024122234784468635;-0.060558613207296;-0.0007470104124842007;0.0;131.0;1.0;0.30999999999994543;13.0;339.0;0.21860233015108618;-0.08758383919784869;
-1.0;5.499540699150489;2.7600000000000007;1.27;1.9700000000000006;191.0;79.0;88.0;384.0;0.025;0.002307022121724272;-0.06844755212113143;-0.004175462268283917;0.0;130.0;1.0;0.34999999999990905;0.0;339.0;0.23836311584527695;-0.09516929412989088;
-1.0;5.499458870400423;2.8000000000000007;1.59;1.5300000000000007;192.0;79.0;89.0;388.0;0.045;0.054345617697379424;-0.06914768258483625;-0.004919359996161207;0.0;130.0;1.0;0.38999999999998636;1.0;339.0;0.2631029971474528;-0.10466604479284133;
-1.0;5.499701877076857;2.8400000000000007;2.01;1.2500000000000007;185.0;78.0;90.0;385.0;0.05;0.060476494157903536;-0.06045357173011692;-0.0027102083922098986;0.0;131.0;1.0;0.42999999999995;10.0;339.0;0.29437794143510904;-0.11667137110260888;
-1.0;5.4999531796476955;2.880000000000001;2.55;0.870000000000001;172.0;78.0;90.0;383.0;0.06;0.0783811953263228;-0.047777312680862286;0.0004256395664061479;0.0;131.0;1.0;0.4899999999998954;8.0;339.0;0.3340551095612401;-0.13190200895828413;
-1.0;5.499314945612999;2.920000000000001;2.8;0.370000000000001;154.0;77.0;90.0;387.0;0.06;0.06870495626105828;-0.02496797349735832;0.006227767154558854;0.0;132.0;1.0;0.5499999999999545;6.0;339.0;0.37762219613110953;-0.14862584660373146;
-1.0;5.499585157863753;2.960000000000001;2.57;0.16000000000000103;147.0;77.0;90.0;386.0;0.065;0.07346396500884655;-0.02733984718401546;0.0037712921477027783;0.0;131.0;1.0;0.599999999999909;4.0;339.0;0.4176105577327397;-0.16397594044258848;
-1.0;5.499493483159562;3.000000000000001;2.11;0.43000000000000105;157.0;77.0;91.0;386.0;0.065;0.06527117200707724;-0.020224974600851736;0.004604698549431028;0.0;132.0;1.0;0.6399999999999864;1.0;339.0;0.4504414693978913;-0.17657854666826486;
-1.0;5.498482257092817;3.040000000000001;1.76;0.930000000000001;175.0;76.0;91.0;384.0;0.07;0.07121693760566189;0.014836370215946297;0.0137976627925672;0.0;133.0;1.0;0.67999999999995;11.0;340.0;0.478005786274278;-0.18661113753915107;
-1.0;5.497793662092794;3.080000000000001;1.84;1.320000000000001;190.0;76.0;91.0;384.0;0.075;0.07647355008452944;0.04391223588217666;0.020057617338241792;0.0;134.0;1.0;0.7199999999999136;11.0;340.0;0.5068230266450459;-0.19709975526780482;
-1.0;5.4971182343692195;3.120000000000001;1.99;1.280000000000001;188.0;75.0;92.0;381.0;0.075;0.06867884006762362;0.07482400515715837;0.026197869370731486;0.0;134.0;1.0;0.7599999999999909;3.0;340.0;0.5379894985677786;-0.20844342335477276;
-1.0;5.496930271329815;3.160000000000001;2.09;1.170000000000001;184.0;74.0;92.0;382.0;0.085;0.08744307205409887;0.09299683407275271;0.027906624274406655;0.0;135.0;1.0;0.7999999999999545;1.0;340.0;0.5707221248584877;-0.22035712501395013;
-1.0;5.495777967653859;3.200000000000001;2.46;1.1100000000000012;182.0;74.0;93.0;383.0;0.09;0.0909544576432791;0.1403197545283027;0.03838211223764538;0.0;136.0;1.0;0.849999999999909;4.0;340.0;0.6092495223107101;-0.23437995089030245;
-1.0;5.495441550181384;3.240000000000001;2.68;0.7800000000000011;171.0;74.0;94.0;383.0;0.095;0.09426356611462332;0.16674764791439883;0.04144045289651119;0.0;136.0;1.0;0.9099999999999682;2.0;340.0;0.6512224593724807;-0.24965685062551554;
-1.0;5.4946666643634305;3.280000000000001;2.72;0.600000000000001;165.0;73.0;96.0;382.0;0.1;0.09741085289169861;0.2067394950739308;0.048484869423356544;0.0;137.0;1.0;0.9699999999999136;2.0;340.0;0.6938218581814419;-0.2651617637896124;
-1.0;5.4923531598044075;3.320000000000001;2.67;0.600000000000001;165.0;73.0;95.0;383.0;0.115;0.12542868231335888;0.23513859601082748;0.051442415721232856;0.04999999999999999;138.0;1.0;1.009999999999991;5.0;340.0;0.7356381798064149;-0.2803816601676046;
-1.0;5.493405448933424;3.360000000000001;2.56;0.6900000000000013;168.0;72.0;94.0;383.0;0.11;0.0993429458506872;0.24598072830720386;0.04910934418611574;0.03333333333333331;137.0;1.0;1.0699999999999363;1.0;340.0;0.7757317316266137;-0.29497451961616633;
-1.0;5.493693717154861;3.4000000000000012;2.57;0.8400000000000012;174.0;72.0;94.0;383.0;0.11;0.09047435668054973;0.2543043325813467;0.04670417119727953;0.03333333333333331;137.0;1.0;1.1299999999999955;-1.0;340.0;0.8159818988836102;-0.309624382421949;
-1.0;5.493877985829408;3.4400000000000013;2.57;0.8700000000000014;175.0;72.0;95.0;384.0;0.11;0.08337948534443981;0.2635258795152404;0.04521588768961866;0.03333333333333331;137.0;1.0;1.17999999999995;-5.0;340.0;0.8562320661406067;-0.3242742452277317;
-1.0;5.49331821916978;3.4800000000000013;2.69;0.9100000000000015;177.0;71.0;95.0;383.0;0.115;0.09020358827555178;0.27225295433712093;0.0440613501885639;0.04999999999999999;137.0;1.0;1.2199999999999136;-10.0;340.0;0.898361618639175;-0.3396081483201657;
-1.0;5.492724124473856;3.5200000000000014;2.8;0.8300000000000014;174.0;71.0;97.0;384.0;0.12;0.0961628706204413;0.2785110554150587;0.04257156956097487;0.06666666666666662;137.0;1.0;1.2999999999999545;-8.0;340.0;0.9422139409425174;-0.35556908834203016;
-1.0;5.4911501822087745;3.5600000000000014;2.87;0.7600000000000016;172.0;71.0;97.0;381.0;0.13;0.11393029649635311;0.2818263527488999;0.04062206595723342;0.09999999999999998;137.0;1.0;1.3599999999999;-9.0;340.0;0.9871625713034434;-0.3719290518644412;
-1.0;5.491768975275282;3.6000000000000014;2.76;0.7300000000000013;171.0;70.0;97.0;384.0;0.13;0.10414423719708266;0.2729089895601476;0.03545897086413906;0.09999999999999998;136.0;1.0;1.419999999999959;-9.0;339.0;1.0301072709223147;-0.38841397754352497;
-1.0;5.490922934843734;3.6400000000000015;2.9;0.8800000000000017;177.0;70.0;97.0;384.0;0.135;0.10881538975766597;0.2750583497485303;0.03447016453902897;0.11666666666666665;137.0;1.0;1.4699999999999136;-7.0;339.0;1.0752303248696795;-0.40573509510488115;
-1.0;5.49051908426814;3.6800000000000015;2.91;0.7800000000000016;173.0;70.0;97.0;386.0;0.135;0.10055231180613294;0.29719329133237876;0.039717781101348354;0.11666666666666665;137.0;1.0;1.5299999999999727;-8.0;339.0;1.120508975554794;-0.4231159406578282;
-1.0;5.490674153032859;3.7200000000000015;3.07;0.8100000000000014;174.0;70.0;97.0;383.0;0.135;0.09394184944490619;0.301449509245394;0.038994956081630845;0.11666666666666665;137.0;1.0;1.6099999999999;-8.0;339.0;1.1682771740439006;-0.44145243407622936;
-1.0;5.490979699593702;3.7600000000000016;3.05;0.6900000000000017;170.0;69.0;98.0;383.0;0.135;0.08865347955592512;0.2991958541150558;0.03654885851111106;0.11666666666666665;136.0;1.0;1.669999999999959;-8.0;339.0;1.2157341790575085;-0.45966947151144877;
-1.0;5.488666160815376;3.8000000000000016;3.12;0.7500000000000018;173.0;69.0;98.0;386.0;0.145;0.10942278364474;0.3082426416608659;0.037937040154933;0.14999999999999994;137.0;1.0;1.7399999999998954;-6.0;338.0;1.2639477394949814;-0.4791490143690763;
-1.0;5.488825761859621;3.8400000000000016;3.08;0.7200000000000015;172.0;69.0;98.0;384.0;0.145;0.10203822691579205;0.31163847241928944;0.03753323418469079;0.14999999999999994;137.0;1.0;1.7999999999999545;-4.0;338.0;1.311543177362743;-0.4983788194977599;
-1.0;5.489649738370802;3.8800000000000017;3.18;0.8000000000000016;175.0;68.0;98.0;384.0;0.145;0.09613058153263347;0.2899845392097189;0.02976317683326729;0.14999999999999994;136.0;1.0;1.8599999999999;-4.0;338.0;1.3606839216547828;-0.5182329689488033;
-1.0;5.4888053058779;3.9200000000000017;3.25;0.7400000000000015;173.0;68.0;100.0;385.0;0.15;0.10390446522610695;0.27909390781446375;0.026343042832231645;0.1666666666666666;136.0;1.0;1.9399999999999409;-2.0;338.0;1.410906380443817;-0.5385241594254987;
-1.0;5.485937652447108;3.9600000000000017;3.33;0.7100000000000017;172.0;68.0;99.0;385.0;0.16;0.12312357218088536;0.2869679029572691;0.029018510964916196;0.19999999999999996;137.0;1.0;2.009999999999991;-1.0;338.0;1.4623650843722737;-0.5593148253600819;
-1.0;5.487553172941382;4.000000000000002;3.32;0.6700000000000017;171.0;69.0;99.0;384.0;0.155;0.10199885774470833;0.28601122171204085;0.028667162457509887;0.1833333333333333;136.0;1.0;2.089999999999918;-5.0;338.0;1.5136692576583026;-0.5800430568624292;
-1.0;5.488577532739251;4.040000000000002;3.37;0.720000000000002;173.0;68.0;99.0;385.0;0.15;0.08459908619576677;0.29946109542612787;0.03268891651447481;0.1666666666666666;136.0;1.0;2.1499999999999773;-10.0;338.0;1.5657460841564705;-0.6010834605259564;
-1.0;5.487034692004679;4.080000000000002;3.4;0.7100000000000017;173.0;68.0;99.0;384.0;0.155;0.09517926895661326;0.31222550494030304;0.035969677974354936;0.1833333333333333;137.0;1.0;2.2299999999999045;-7.0;338.0;1.6182865025819217;-0.6223111674861915;
-1.0;5.4874610494955;4.120000000000002;3.49;0.720000000000002;173.0;69.0;99.0;384.0;0.155;0.09164341516529083;0.30221581852226087;0.032017346552877385;0.1833333333333333;136.0;1.0;2.2999999999999545;-4.0;338.0;1.6722176967892233;-0.6441007843365505;
-1.0;5.488701853454045;4.160000000000002;3.48;0.6700000000000017;172.0;68.0;99.0;386.0;0.15;0.07631473213223265;0.30665371097179295;0.032989561347606756;0.1666666666666666;136.0;1.0;2.3599999999999;-13.0;337.0;1.725606978289465;-0.6667631897889282;
-1.0;5.487260831803382;4.200000000000002;3.51;0.720000000000002;174.0;68.0;100.0;382.0;0.155;0.08855178570578597;0.3147051472856246;0.03494015419167076;0.1833333333333333;137.0;1.0;2.4599999999999227;-10.0;337.0;1.7794565122164328;-0.6896209608055506;
-1.0;5.4858762862777795;4.240000000000002;3.5;0.7300000000000022;174.0;68.0;99.0;383.0;0.16;0.09884142856462878;0.31983902529632546;0.035786389702259315;0.19999999999999996;137.0;1.0;2.5399999999999636;-3.0;337.0;1.8331526286678252;-0.7124136099674248;
-1.0;5.487094589058028;4.280000000000002;3.62;0.780000000000002;176.0;67.0;99.0;386.0;0.155;0.08257314285170313;0.3301956080697859;0.03813286709977214;0.1833333333333333;137.0;1.0;2.6099999999999;-5.0;337.0;1.8886897548261226;-0.7359877213862774;
-1.0;5.485795170124862;4.320000000000002;3.64;0.700000000000002;174.0;67.0;99.0;386.0;0.16;0.09405851428136235;0.33284123105923524;0.03790389273804821;0.19999999999999996;137.0;1.0;2.689999999999941;-7.0;337.0;1.9445337159355707;-0.7596920765146266;
-1.0;5.486080920949025;4.360000000000002;3.74;0.720000000000002;174.0;68.0;100.0;388.0;0.16;0.09124681142508993;0.32744026833955575;0.03535964999571941;0.19999999999999996;137.0;1.0;2.769999999999982;-3.0;337.0;2.001911851800773;-0.7840476501904579;
-1.0;5.485810258888733;4.400000000000002;3.72;0.6600000000000019;173.0;68.0;99.0;386.0;0.16;0.08899744914007211;0.3413108364535261;0.03899769579755774;0.19999999999999996;137.0;1.0;2.839999999999918;-7.0;336.0;2.058551670174614;-0.8092653220611574;
-1.0;5.487318735393547;4.440000000000002;3.8;0.720000000000002;175.0;67.0;100.0;386.0;0.155;0.07469795931205746;0.33924835851341706;0.03740562998508401;0.1833333333333333;137.0;1.0;2.919999999999959;-11.0;336.0;2.1164095491586457;-0.8350253094559581;
-1.0;5.484492443408758;4.480000000000002;3.77;0.6800000000000024;174.0;68.0;100.0;384.0;0.165;0.10025836744964621;0.34403299044951946;0.03814486073916631;0.21666666666666665;138.0;1.0;3.0;-3.0;336.0;2.1738106554138557;-0.8605819285292209;
-1.0;5.486101190479194;4.520000000000002;3.84;0.7500000000000022;176.0;67.0;99.0;383.0;0.16;0.08420669395971685;0.3423423084216277;0.03688934379195592;0.19999999999999996;137.0;1.0;3.099999999999909;-5.0;336.0;2.232277564702982;-0.8866130736860721;
-1.0;5.485804609897848;4.560000000000002;3.8;0.7200000000000024;176.0;67.0;100.0;382.0;0.16;0.08336535516777342;0.3560476123112313;0.040469912368878334;0.19999999999999996;137.0;1.0;3.189999999999941;-1.0;336.0;2.2901354436870136;-0.9123730610808728;
-1.0;5.484559923286999;4.600000000000002;3.88;0.8000000000000025;179.0;67.0;100.0;382.0;0.165;0.09519228413421892;0.35360129109745325;0.03876298577719388;0.21666666666666665;138.0;1.0;3.269999999999982;0.0;336.0;2.349211383281235;-0.9386753639997746;
-1.0;5.484088874588707;4.640000000000002;3.89;0.7600000000000025;177.0;66.0;99.0;386.0;0.165;0.09265382730737508;0.37643267017809123;0.04493182816789554;0.21666666666666665;138.0;1.0;3.349999999999909;-3.0;336.0;2.4084395804517302;-0.9650454563591889;
-1.0;5.484690697109216;4.680000000000002;3.89;0.7900000000000023;179.0;66.0;101.0;385.0;0.165;0.09062306184589995;0.35988271247888903;0.03850912862811763;0.21666666666666665;137.0;1.0;3.419999999999959;-4.0;336.0;2.4676677776222253;-0.9914155487186033;
-1.0;5.481030335900613;4.720000000000002;4.09;0.8300000000000023;180.0;67.0;99.0;383.0;0.175;0.11399844947672008;0.38687454172056623;0.04610250592457507;0.24999999999999992;139.0;1.0;3.519999999999982;-2.0;336.0;2.529941126318196;-1.0191414298882704;
-1.0;5.485869603538525;4.7600000000000025;4.08;0.6700000000000026;175.0;68.0;99.0;382.0;0.16;0.07119875958137588;0.3807195470299044;0.04277299716687281;0.19999999999999996;137.0;1.0;3.599999999999909;-4.0;336.0;2.592062217437893;-1.0467995216174248;
-1.0;5.4874606374594865;4.8000000000000025;4.17;0.7200000000000024;177.0;68.0;99.0;381.0;0.155;0.060459007665100914;0.3713519664502147;0.039022514500189405;0.1833333333333333;136.0;1.0;3.689999999999941;-8.0;335.0;2.65505060863694;-1.0761714908084037;
-1.0;5.487722674881738;4.8400000000000025;4.16;0.6700000000000026;175.0;68.0;100.0;383.0;0.155;0.06386720613208073;0.3603367303140165;0.03534048008829638;0.1833333333333333;136.0;1.0;3.769999999999982;-9.0;335.0;2.7178879485381477;-1.1054730236224257;
-1.0;5.486693487366713;4.880000000000003;4.16;0.7200000000000024;177.0;68.0;99.0;383.0;0.16;0.07909376490566437;0.34686276674559124;0.03143692960638981;0.19999999999999996;136.0;1.0;3.849999999999909;-7.0;335.0;2.7807252884393554;-1.1347745564364478;
-1.0;5.487951571848413;4.920000000000003;4.33;0.7600000000000025;179.0;68.0;99.0;382.0;0.155;0.0667750119245316;0.347039067270391;0.032139689177463626;0.1833333333333333;136.0;1.0;3.949999999999932;-9.0;335.0;2.8461305004038335;-1.165273507658735;
-1.0;5.48819865113479;4.960000000000003;4.26;0.6300000000000026;174.0;69.0;99.0;382.0;0.155;0.06892000953962522;0.33455642607353425;0.02890774032832169;0.1833333333333333;136.0;1.0;4.019999999999982;-11.0;335.0;2.9104783532834357;-1.195279404242325;
-1.0;5.489568826416713;5.000000000000003;4.26;0.7400000000000029;178.0;69.0;98.0;386.0;0.15;0.05813600763170022;0.32572342140058286;0.027167419382242666;0.1666666666666666;135.0;1.0;4.099999999999909;-9.0;335.0;2.974826206163038;-1.2252853008259148;
-1.0;5.490977795015238;5.040000000000003;4.33;0.7800000000000029;180.0;71.0;98.0;385.0;0.145;0.04900880610536028;0.31114530789659145;0.023874969882608343;0.14999999999999994;135.0;1.0;4.219999999999914;-10.0;334.0;3.0396891765042944;-1.2569210852525263;
-1.0;5.492948612039225;5.080000000000003;4.36;0.7500000000000027;179.0;71.0;97.0;383.0;0.135;0.028707044884288213;0.30741257527931537;0.024203062278835716;0.11666666666666665;134.0;1.0;4.309999999999945;-10.0;334.0;3.1050015438687004;-1.2887760552525325;
-1.0;5.493897047401215;5.120000000000003;4.4;0.7600000000000025;180.0;72.0;97.0;385.0;0.13;0.023965635907430505;0.2986169918539604;0.022872026301048388;0.09999999999999998;134.0;1.0;4.409999999999968;-11.0;334.0;3.170913107263973;-1.3209232726837312;
-1.0;5.495672885618787;5.160000000000003;4.32;0.7600000000000025;180.0;72.0;97.0;385.0;0.125;0.019672508725944393;0.26010388979452215;0.012716030260086365;0.0833333333333333;133.0;1.0;4.509999999999991;-11.0;334.0;3.235626278597513;-1.3524859952525445;
-1.0;5.496164177054345;5.200000000000003;4.43;0.8800000000000026;184.0;73.0;96.0;384.0;0.125;0.028238006980755515;0.23240433925783785;0.0070650368429542865;0.0833333333333333;132.0;1.0;4.599999999999909;-9.0;333.0;3.3014122603000873;-1.386005627149981;
-1.0;5.498134564851558;5.240000000000003;4.61;0.8100000000000032;182.0;73.0;94.0;384.0;0.115;0.010090405584604285;0.20536528881467686;0.0021884011265718845;0.04999999999999999;131.0;1.0;4.699999999999932;-12.0;333.0;3.369871261575227;-1.4208872305466362;
-1.0;5.499090251887376;5.280000000000003;4.57;0.6700000000000026;177.0;75.0;94.0;387.0;0.105;-0.0054276755323165934;0.19935005405797673;0.004053456250540984;0.016666666666666632;131.0;1.0;4.7999999999999545;-1.0;333.0;3.437736258500908;-1.4554661736101318;
-1.0;5.499735354130183;5.320000000000003;4.57;0.7500000000000027;180.0;75.0;94.0;387.0;0.095;-0.018842140425853096;0.16723126197335997;-0.002405871543792671;0.0;131.0;1.0;4.889999999999986;-12.0;333.0;3.5056012554265887;-1.4900451166736273;
-1.0;5.499388675427076;5.360000000000003;4.63;0.7900000000000027;182.0;75.0;94.0;388.0;0.095;-0.005573712340682421;0.1439731815669389;-0.005557496117493271;0.0;130.0;1.0;4.989999999999895;-5.0;333.0;3.5743572588764576;-1.5250780502368624;
-1.0;5.499067732740308;5.400000000000003;4.69;0.7700000000000031;181.0;75.0;91.0;389.0;0.095;0.005041030127454035;0.12094443608814635;-0.00847515690629362;0.0;130.0;1.0;5.089999999999918;3.0;333.0;3.644004268850515;-1.5605649742998369;
-1.0;5.499206289052458;5.440000000000003;4.65;0.7500000000000027;181.0;76.0;93.0;389.0;0.08;-0.02396717589803688;0.11143004520382394;-0.007215554068568657;0.0;130.0;1.0;5.199999999999932;5.0;333.0;3.7130572744751134;-1.5957492380296519;
-1.0;5.499384068452638;5.480000000000003;4.78;0.8300000000000027;184.0;75.0;93.0;387.0;0.085;0.0013262592815705895;0.10457826069545881;-0.005599377703287991;0.0;130.0;1.0;5.2999999999999545;10.0;333.0;3.7840407942354535;-1.6319171478422358;
-1.0;5.4994059644063;5.4994059644063;4.73;0.7194059644062998;180.0;76.0;94.0;388.0;0.09;0.022061007425256504;0.0945369719275484;-0.005400323579094379;0.0;130.0;1.0;5.389999999999986;14.0;333.0;3.85428180855897;-1.66770673223837;
-1.0;5.499782049930932;5.499782049930932;4.71;0.7697820499309316;182.0;76.0;93.0;388.0;0.09;0.026648805940205175;0.09603082246244496;-0.0019813642642555612;0.0;131.0;1.0;5.509999999999991;14.0;334.0;3.9248371411934544;-1.7021188672613126;
-1.0;5.499452081974585;5.499452081974585;4.88;0.7894520819745852;183.0;76.0;92.0;390.0;0.085;0.017819044752164052;0.1115159821973481;0.0049810729583154145;0.0;132.0;1.0;5.6099999999999;11.0;334.0;3.99793905695912;-1.7377730538668241;
-1.0;5.498194877891233;5.498194877891233;4.89;0.6181948778912334;176.0;76.0;92.0;389.0;0.08;0.010255235801731287;0.14549939212464955;0.01641020098878971;0.0;133.0;1.0;5.699999999999932;11.0;334.0;4.071190771732502;-1.7735003023301337;
-1.0;5.498421046528063;5.498421046528063;4.92;0.6084210465280631;176.0;76.0;92.0;390.0;0.08;0.016204188641385057;0.13988597158674962;0.014354122472154793;0.0;133.0;1.0;5.7999999999999545;10.0;334.0;4.144891883529034;-1.8094467363668378;
-1.0;5.498432161052533;5.498432161052533;4.93;0.5784321610525334;175.0;76.0;93.0;388.0;0.08;0.020963350913107935;0.13979285135725336;0.014253081340609939;0.0;133.0;1.0;5.919999999999959;3.0;335.0;4.219360173363879;-1.8441718702065322;
-1.0;5.497782107418845;5.497782107418845;4.93;0.5677821074188456;175.0;76.0;92.0;387.0;0.085;0.03727068073048647;0.15967397712073164;0.02016265982867651;0.0;134.0;1.0;6.029999999999973;9.0;335.0;4.293828463198723;-1.8788970040462265;
-1.0;5.497965267017167;5.497965267017167;4.84;0.5679652670171675;175.0;76.0;92.0;387.0;0.08;0.02581654458438911;0.15692052767357234;0.01849757257120806;0.0;133.0;1.0;6.1299999999999955;9.0;335.0;4.366937291353013;-1.9129882104933098;
-1.0;5.498316314300619;5.498316314300619;5.02;0.6583163143006194;178.0;75.0;92.0;388.0;0.08;0.028653235667511316;0.14815307774123254;0.015306233630735955;0.0;133.0;1.0;6.2299999999999045;8.0;335.0;4.4427650428684125;-1.9483472717256152;
-1.0;5.498383965875866;5.498383965875866;5.02;0.4783839658758664;172.0;76.0;92.0;388.0;0.085;0.043422588534009036;0.1464303139108786;0.014691219310307233;0.0;133.0;1.0;6.339999999999918;10.0;335.0;4.518592794383812;-1.9837063329579205;
-1.0;5.498301345624962;5.498301345624962;4.88;0.4783013456249625;172.0;77.0;93.0;388.0;0.08;0.030738070827207274;0.1489660831571478;0.0154423125003441;0.0;133.0;1.0;6.439999999999941;10.0;336.0;4.59289449160541;-2.0167875799280854;
-1.0;5.498372679632711;5.498372679632711;5.12;0.6183726796327109;177.0;76.0;92.0;389.0;0.08;0.03259045666176571;0.1471682493484617;0.014793821520812414;0.0;133.0;1.0;6.529999999999973;3.0;336.0;4.670850370657579;-2.051495773470554;
-1.0;5.498721703482653;5.498721703482653;5.1;0.3787217034826531;168.0;77.0;92.0;385.0;0.08;0.03407236532941265;0.13664310010449296;0.011620877430428531;0.0;132.0;1.0;6.649999999999977;-2.0;336.0;4.7485017345572;-2.086068388131997;
-1.0;5.499317909316685;5.499317909316685;4.83;0.399317909316685;169.0;76.0;92.0;386.0;0.075;0.022757892263530026;0.11721396826230827;0.00620082439377731;0.0;132.0;1.0;6.75;0.0;336.0;4.82204214389743;-2.118810687899599;
-1.0;5.498941159600642;5.498941159600642;5.06;0.6689411596006423;179.0;76.0;93.0;384.0;0.08;0.03820631381082403;0.12495024470256111;0.009625821812343845;0.0;132.0;1.0;6.8599999999999;-1.0;336.0;4.8990844774919555;-2.1531121447989916;
-1.0;5.498918339200287;5.498918339200287;5.07;0.43891833920028756;170.0;76.0;92.0;386.0;0.085;0.05106505104865929;0.1237289702140931;0.009833279997385895;0.0;132.0;1.0;6.959999999999923;7.0;336.0;4.976279068662755;-2.187481391138897;
-1.0;5.498854154735618;5.498854154735618;5.06;0.4288541547356175;170.0;76.0;93.0;387.0;0.08;0.03685204083892748;0.12398087597594167;0.01041677513074515;0.0;132.0;1.0;7.079999999999927;4.0;336.0;5.053321402257281;-2.2217828480382895;
-1.0;5.499031708659566;5.499031708659566;5.1;0.43903170865956653;170.0;75.0;92.0;388.0;0.085;0.04998163267114188;0.11727957906021529;0.008802648549397035;0.0;132.0;1.0;7.169999999999959;7.0;336.0;5.130972766156902;-2.2563554626997324;
-1.0;5.498294210873107;5.498294210873107;5.02;0.39829421087310735;169.0;76.0;93.0;388.0;0.085;0.04848530613691362;0.13767779059395888;0.015507173880845024;0.0;133.0;1.0;7.289999999999964;3.0;336.0;5.207406069446333;-2.2903857618370744;
-1.0;5.497923541205189;5.497923541205189;5.07;0.47792354120518965;172.0;76.0;94.0;387.0;0.085;0.04728824490953087;0.1500698013209302;0.01887689813464659;0.0;133.0;1.0;7.3799999999999955;2.0;336.0;5.284600660617133;-2.3247550081769797;
-1.0;5.497394478800037;5.497394478800037;5.21;0.42739447880003656;170.0;75.0;93.0;390.0;0.09;0.0588305959276247;0.16868194075148296;0.02368655636330171;0.0;134.0;1.0;7.4799999999999045;3.0;336.0;5.363926857855765;-2.3600733066840616;
-1.0;5.49792960746522;5.49792960746522;5.06;0.28792960746522045;165.0;76.0;93.0;388.0;0.09;0.05606447674209976;0.1570114954531659;0.018821750316175914;0.0;133.0;1.0;7.599999999999909;3.0;336.0;5.440969191450291;-2.3943747635834542;
-1.0;5.497544812662833;5.497544812662833;5.19;0.43754481266283296;170.0;75.0;93.0;388.0;0.085;0.04135158139367972;0.17075234452429697;0.02231988488334335;0.0;134.0;1.0;7.709999999999923;-2.0;336.0;5.5199908735363765;-2.429557483209511;
-1.0;5.497793866392782;5.497793866392782;4.97;0.3077938663927817;166.0;76.0;94.0;391.0;0.09;0.054081265114943836;0.16670169541915553;0.020055760065618183;0.0;134.0;1.0;7.829999999999927;5.0;336.0;5.595662888944439;-2.46324883514429;
-1.0;5.497902568677956;5.497902568677956;5.18;0.5279025686779564;174.0;74.0;94.0;388.0;0.09;0.052265012091955124;0.1656647471266608;0.019067557473129233;0.0;133.0;1.0;7.92999999999995;-3.0;336.0;5.67453231345425;-2.498363765329834;
-1.0;5.4980605039344495;5.4980605039344495;5.22;0.31806050393444973;166.0;74.0;91.0;386.0;0.1;0.07581200967356409;0.16254621877017958;0.01763178241409225;0.0;133.0;1.0;8.039999999999964;5.0;336.0;5.754010768269157;-2.5337498532774285;
-1.0;5.497770502512654;5.497770502512654;5.07;0.277770502512654;165.0;74.0;93.0;384.0;0.085;0.03314960773885125;0.17225224766751468;0.020268158975877904;0.0;134.0;1.0;8.139999999999986;2.0;336.0;5.831205359439957;-2.5681190996173338;
-1.0;5.498265591424215;5.498265591424215;5.18;0.42826559142421505;170.0;74.0;94.0;386.0;0.095;0.06001968619108104;0.159278176183842;0.015767350688950837;0.0;133.0;1.0;8.25;1.0;336.0;5.910074783949768;-2.603234029802878;
-1.0;5.498044413168493;5.498044413168493;5.17;0.31804441316849363;166.0;74.0;94.0;386.0;0.1;0.07001574895286476;0.16587356961641675;0.01777806210460994;0.0;133.0;1.0;8.349999999999909;-3.0;336.0;5.988791950883305;-2.6382811705479092;
-1.0;5.497494963846752;5.497494963846752;5.21;0.32749496384675236;166.0;75.0;94.0;386.0;0.1;0.06601259916229184;0.1833173524917342;0.02277305593861151;0.0;134.0;1.0;8.469999999999914;-1.0;336.0;6.068118148121938;-2.673599469054991;
-1.0;5.4974927669602005;5.4974927669602005;5.22;0.28749276696020054;165.0;75.0;94.0;386.0;0.095;0.05031007932983343;0.18634480527111136;0.022793027634537052;0.0;134.0;1.0;8.579999999999927;-4.0;336.0;6.1475966029368445;-2.7089855570025856;
-1.0;5.496892454150719;5.496892454150719;5.24;0.27689245415071895;165.0;75.0;95.0;386.0;0.095;0.049748063463866773;0.2073084672664381;0.028250416811649873;0.0;135.0;1.0;8.699999999999932;-4.0;336.0;6.227379572904298;-2.7445072238312056;
-1.0;5.4971930295385025;5.4971930295385025;5.24;0.2571930295385023;164.0;75.0;94.0;383.0;0.1;0.06179845077109346;0.20321316890541152;0.02551791328634071;0.0;134.0;1.0;8.809999999999945;-7.0;336.0;6.307162542871752;-2.7800288906598256;
-1.0;5.497969550907373;5.497969550907373;5.17;0.25796955090737317;164.0;75.0;94.0;384.0;0.095;0.0469387606168747;0.18314661593075995;0.018458628114785335;0.0;133.0;1.0;8.92999999999995;-6.0;336.0;6.385879709805289;-2.815076031404857;
-1.0;5.49837273219838;5.49837273219838;5.21;0.32837273219838004;167.0;75.0;94.0;384.0;0.095;0.04705100849349979;0.17102497873291853;0.014793343651091004;0.0;133.0;1.0;9.049999999999955;-3.0;336.0;6.465205907043922;-2.8503943299119388;
-1.0;5.498443417123306;5.498443417123306;5.08;0.2884434171233057;165.0;74.0;94.0;384.0;0.095;0.047140806794799914;0.1673435751627866;0.014150753424491621;0.0;133.0;1.0;9.139999999999986;-1.0;336.0;6.542552755790996;-2.8848313656923565;
-1.0;5.498722145898424;5.498722145898424;5.21;0.4187221458984238;170.0;76.0;93.0;385.0;0.1;0.05971264543583983;0.1571748459162005;0.011616855468873189;0.0;132.0;1.0;9.259999999999991;-3.0;336.0;6.621878953029628;-2.9201496641994384;
-1.0;5.498253811798561;5.498253811798561;5.08;0.2882538117985609;165.0;75.0;94.0;385.0;0.085;0.020270116348671922;0.1686330355877858;0.01587443819489818;0.0;133.0;1.0;9.370000000000005;-6.0;335.0;6.698613012332064;-2.9559313436934844;
-1.0;5.497463588588699;5.497463588588699;5.28;0.41746358858869925;170.0;75.0;94.0;385.0;0.095;0.0497160930789375;0.19191994988646377;0.023058285557277625;0.0;134.0;1.0;9.489999999999895;-3.0;335.0;6.778368097591289;-2.993121750726666;
-1.0;5.496983481629529;5.496983481629529;5.08;0.21698348162952907;162.0;75.0;94.0;385.0;0.095;0.04927287446314997;0.2090461726646462;0.027422894277006095;0.0;134.0;1.0;9.6099999999999;-2.0;335.0;6.855102156893725;-3.028903430220712;
-1.0;5.497183037806382;5.497183037806382;5.26;0.41718303780638166;170.0;74.0;94.0;386.0;0.095;0.04891829957052003;0.20734453379736217;0.025608747214712586;0.0;134.0;1.0;9.699999999999932;0.0;335.0;6.934555139557271;-3.06595296449998;
-1.0;5.497203853311037;5.497203853311037;5.29;0.237203853311037;163.0;74.0;94.0;387.0;0.1;0.06113463965641604;0.20996329015233228;0.02541951535420835;0.0;134.0;1.0;9.819999999999936;-2.0;335.0;7.014461276114336;-3.1032138079101186;
-1.0;5.497135019816556;5.497135019816556;5.31;0.20713501981655558;162.0;75.0;94.0;386.0;0.1;0.0589077117251328;0.21499794451412235;0.026045274394950337;0.0;134.0;1.0;9.92999999999995;2.0;335.0;7.094669515267079;-3.1406155240741707;
-1.0;5.497242487886683;5.497242487886683;5.25;0.1872424878866834;161.0;75.0;95.0;388.0;0.095;0.04462616938010626;0.21477165629080602;0.02506829193924783;0.0;134.0;1.0;10.049999999999955;5.0;335.0;7.173971446632786;-3.177594621976482;
-1.0;5.498130033771841;5.498130033771841;5.28;0.24813003377184106;164.0;74.0;95.0;385.0;0.1;0.05770093550408496;0.1902704106442945;0.016999692983260952;0.0;133.0;1.0;10.169999999999959;7.0;336.0;7.254363446905335;-3.213387446567152;
-1.0;5.498314795115805;5.498314795115805;5.22;0.21831479511580465;163.0;74.0;94.0;264.0;0.105;0.06866074840326802;0.16547590908119794;0.009966812130565654;0.016666666666666632;132.0;1.0;10.279999999999973;9.0;336.0;7.333841901720241;-3.2487735345147466;
-1.0;5.499368303681734;5.499368303681734;5.26;0.2793683036817338;165.0;74.0;94.0;98.0;0.1;0.052928598722614364;0.14700832880235515;0.005742693802423671;0.0;132.0;1.0;10.399999999999977;8.0;336.0;7.413929386840243;-3.2844307802243917;
-1.0;5.498134715275808;5.498134715275808;5.26;0.23813471527580798;163.0;74.0;95.0;92.0;0.1;0.0523428789780916;0.17841770293005071;0.016957133856294687;0.0;133.0;1.0;10.509999999999991;7.0;336.0;7.494016871960245;-3.320088025934037;
-1.0;5.497129207713542;5.497129207713542;5.24;0.23712920771354185;163.0;73.0;96.0;92.0;0.105;0.0643743031824732;0.19130486626606616;0.02100021014444141;0.016666666666666632;134.0;1.0;10.629999999999995;5.0;336.0;7.573799841927698;-3.355609692762657;
-1.0;5.495099661784749;5.495099661784749;5.29;0.2550996617847492;164.0;73.0;96.0;361.0;0.115;0.08699944254597866;0.21315962041841946;0.02718269168658042;0.04999999999999999;135.0;1.0;10.75;0.0;336.0;7.654344099776521;-3.39147030679384;
-1.0;5.495031816677606;5.495031816677606;5.25;0.2050318166776064;162.0;73.0;95.0;382.0;0.115;0.08109955403678282;0.22026995992460746;0.02814244760948914;0.04999999999999999;135.0;1.0;10.8599999999999;3.0;336.0;7.734279327320249;-3.4270597630629727;
-1.0;5.496070478525153;5.496070478525153;5.28;0.2460704785251533;164.0;73.0;96.0;385.0;0.11;0.06387964322942635;0.2147695772157036;0.02526924247341232;0.03333333333333331;134.0;1.0;10.979999999999905;-2.0;336.0;7.814671327592798;-3.462852587653643;
-1.0;5.495275133340618;5.495275133340618;5.14;0.21527513334061776;162.0;72.0;96.0;386.0;0.115;0.07460371458354106;0.22025344139478065;0.02615594477676705;0.04999999999999999;135.0;1.0;11.069999999999936;6.0;336.0;7.892931721797514;-3.4976963600771365;
-1.0;5.494813971105129;5.494813971105129;5.28;0.3548139711051297;168.0;72.0;96.0;386.0;0.12;0.0836829716668327;0.21284516559341568;0.02310734190889973;0.06666666666666662;134.0;1.0;11.18999999999994;3.0;337.0;7.973936148901329;-3.5320806993841924;
-1.0;5.495169937626171;5.495169937626171;5.19;0.21516993762617087;162.0;70.0;97.0;388.0;0.12;0.0789463773334661;0.20363078846940708;0.019978463701785538;0.06666666666666662;134.0;1.0;11.309999999999945;5.0;337.0;8.053559818724965;-3.5658789419985144;
-1.0;5.490868414485342;5.490868414485342;5.26;0.3008684144853415;166.0;70.0;97.0;387.0;0.135;0.11265710186677291;0.25185906622893134;0.034523870058673856;0.11666666666666665;137.0;1.0;11.399999999999977;1.0;337.0;8.134257410877629;-3.600133037596074;
-1.0;5.491007292245928;5.491007292245928;5.28;0.23100729224592786;163.0;70.0;97.0;384.0;0.135;0.10362568149341855;0.2572962265596843;0.03428742547074357;0.11666666666666665;136.0;1.0;11.519999999999982;1.0;337.0;8.215261837981444;-3.63451737690313;
-1.0;5.491020248227658;5.491020248227658;5.15;0.21102024822765753;162.0;70.0;97.0;385.0;0.135;0.09640054519473468;0.26573784698746994;0.03510835103612425;0.11666666666666665;136.0;1.0;11.620000000000005;0.0;337.0;8.294271837902778;-3.668055132098459;
-1.0;5.4907465635406565;5.4907465635406565;5.28;0.34074656354065613;167.0;70.0;96.0;385.0;0.135;0.09062043615578769;0.2833611000060208;0.038688413674214064;0.11666666666666665;137.0;1.0;11.75;-1.0;337.0;8.375276265006594;-3.702439471405515;
-1.0;5.491841709133516;5.491841709133516;5.26;0.21184170913351608;162.0;69.0;97.0;387.0;0.13;0.07349634892463036;0.2883999446963685;0.03812960634659597;0.09999999999999998;136.0;1.0;11.870000000000005;-6.0;337.0;8.455973857159258;-3.7366935670030745;
-1.0;5.489935402953716;5.489935402953716;5.26;0.22993540295371595;163.0;69.0;98.0;386.0;0.14;0.09679707913970431;0.29027661184020753;0.03683468411435584;0.13333333333333333;137.0;1.0;11.959999999999923;-9.0;336.0;8.53606134227926;-3.7723508127127197;
-1.0;5.4890164206666014;5.4890164206666014;5.08;0.22901642066660166;163.0;69.0;97.0;387.0;0.145;0.10393766331176328;0.28989537308299085;0.03515890790112383;0.14999999999999994;137.0;1.0;12.079999999999927;-9.0;336.0;8.613408191026332;-3.8067878484931374;
-1.0;2.7898154319297546;5.2390164206666014;5.31;0.15901642066660138;159.0;69.0;97.0;387.0;0.14;0.08515013064941063;0.309761792667493;0.039884959657909516;0.13333333333333333;137.0;1.0;12.18999999999994;-8.0;336.0;8.694256964027703;-3.842784041405346;
-1.0;2.789747931992447;4.9890164206666014;5.25;-0.32098357933339816;141.0;69.0;97.0;388.0;0.14;0.0821201045195285;0.3196149768168224;0.041059158824476326;0.13333333333333333;137.0;1.0;12.289999999999964;-5.0;336.0;8.77419219157143;-3.8783734976744784;
-1.0;2.7899800540810684;4.7390164206666014;5.12;-0.5109835793333986;133.0;70.0;97.0;386.0;0.14;0.07969608361562291;0.31880701494357433;0.038997238033943095;0.13333333333333333;137.0;1.0;12.389999999999986;-10.0;336.0;8.852148070623599;-3.913081691216947;
-1.0;2.7920329152404544;4.4890164206666014;5.06;-0.6309835793333987;127.0;70.0;95.0;386.0;0.135;0.06525686689249821;0.28955960610011233;0.028799708072987342;0.11666666666666665;135.0;1.0;12.519999999999982;-16.0;335.0;8.928580027330357;-3.948722497957079;
-1.0;2.7946610390479947;4.2390164206666014;4.88;-0.8209835793333982;119.0;71.0;95.0;389.0;0.125;0.04070549351399855;0.26291902002641865;0.020838782758284047;0.0833333333333333;134.0;1.0;12.620000000000005;-17.0;335.0;9.002293060676005;-3.9830954499119895;
-1.0;2.7960824871583188;3.9890164206666014;4.82;-0.8909835793333984;116.0;71.0;94.0;386.0;0.12;0.03256439481119888;0.23783097461724795;0.014402992984404391;0.06666666666666662;133.0;1.0;12.719999999999914;-17.0;334.0;9.074496182395372;-4.018311265370712;
-1.0;2.797264257953664;3.7390164206666014;5.02;-1.0809835793333988;108.0;71.0;94.0;388.0;0.115;0.0255515158489591;0.2159107755333698;0.009702954154704992;0.04999999999999999;132.0;1.0;12.829999999999927;-19.0;334.0;9.149695284269068;-4.054988317985398;
-1.0;2.7967441825120893;3.4890164206666014;4.93;-1.5309835793333981;95.0;71.0;93.0;390.0;0.115;0.03194121267916734;0.22345368877027044;0.014343452805501596;0.04999999999999999;133.0;1.0;12.92999999999995;-6.0;334.0;9.223546195073316;-4.0910078138799;
-1.0;2.7965582279225027;3.2390164206666014;4.98;-1.6909835793333983;94.0;72.0;92.0;388.0;0.11;0.02455297014333386;0.24376873444002395;0.02203834972073275;0.03333333333333331;134.0;1.0;13.039999999999964;-4.0;334.0;9.298146100916147;-4.127392619063393;
-1.0;2.798195398354125;2.9890164206666014;4.83;-1.990983579333399;92.0;72.0;93.0;388.0;0.1;0.005642376114667155;0.2234334512485769;0.01640546950795257;0.0;133.0;1.0;13.139999999999986;-9.0;334.0;9.37049902164323;-4.162681496379913;
-1.0;2.7988876441905823;2.7988876441905823;4.75;-2.0311123558094177;91.0;73.0;92.0;388.0;0.105;0.0270139008917337;0.18271232120728437;0.005376705618945831;0.016666666666666632;132.0;1.0;13.239999999999895;-8.0;333.0;9.441037038141475;-4.198622410942628;
-1.0;2.7999404533696843;2.7999404533696843;4.81;-1.9500595466303157;91.0;73.0;93.0;390.0;0.095;0.007111120713386945;0.1579980614858385;0.0005413330028685819;0.0;131.0;1.0;13.349999999999909;-5.0;333.0;9.51246606116391;-4.235017316005082;
-1.0;2.7998963419062557;2.7998963419062557;4.71;-2.010103658093744;91.0;74.0;92.0;388.0;0.1;0.027688896570709595;0.14288014835658283;-0.0009423463067650649;0.0;131.0;1.0;13.449999999999932;-5.0;333.0;9.582410073312696;-4.270655570234636;
-1.0;2.799661207929938;2.799661207929938;4.51;-1.9103387920700619;91.0;75.0;91.0;390.0;0.09;0.007151117256567571;0.12560130225201277;-0.00307992790965142;0.0;131.0;1.0;13.549999999999955;-1.0;333.0;9.649384063714187;-4.304780522798392;
-1.0;2.7992924780337014;2.7992924780337014;4.65;-1.7107075219662984;91.0;73.0;91.0;391.0;0.08;-0.01027910619474593;0.1040009636094757;-0.006432017875441986;0.0;130.0;1.0;13.639999999999986;0.0;333.0;9.718437069338785;-4.339964786528207;
-1.0;2.799319003842685;2.799319003842685;4.5;-1.8506809961573154;91.0;74.0;90.0;390.0;0.09;0.024776715044203215;0.0935833665120017;-0.006190874157406297;0.0;130.0;1.0;13.739999999999895;2.0;333.0;9.785262558652914;-4.374014074008673;
-1.0;2.7995803740157608;2.7995803740157608;4.53;-1.7004196259842392;91.0;74.0;90.0;390.0;0.08;0.0038213720353625844;0.0911375342479535;-0.0038147816748994486;0.0;131.0;1.0;13.839999999999918;0.0;333.0;9.852533551229135;-4.408290356739009;
-1.0;2.799411688460074;2.799411688460074;4.48;-1.7305883115399263;91.0;74.0;91.0;390.0;0.08;0.011057097628290151;0.0774068273424935;-0.005348286726598487;0.0;130.0;1.0;13.909999999999968;0.0;333.0;9.919062038368534;-4.4421883140528955;
-1.0;2.7997877493506107;2.7997877493506107;4.48;-1.6802122506493897;91.0;75.0;89.0;389.0;0.085;0.029345678102631993;0.08007663226364872;-0.0019295513580823674;0.0;131.0;1.0;14.029999999999973;5.0;333.0;9.985590525507932;-4.476086271366782;
-1.0;2.7996659055606714;2.7996659055606714;4.4;-1.680334094439329;91.0;74.0;89.0;390.0;0.07;-0.005523457517894348;0.06975958648192063;-0.003037222175711337;0.0;131.0;1.0;14.129999999999995;11.0;334.0;10.051502088903204;-4.5082334887979805;
-1.0;2.7995428055335827;2.7995428055335827;4.42;-1.6004571944664177;91.0;74.0;89.0;389.0;0.075;0.015081233985684526;0.05935382874813697;-0.004156313331065766;0.0;130.0;1.0;14.199999999999932;8.0;334.0;10.11771325031391;-4.540526829944776;
-1.0;2.7997320437181146;2.7997320437181146;4.26;-1.6202679562818854;91.0;74.0;90.0;389.0;0.075;0.01956498718854765;0.05836052171791509;-0.002435966198956443;0.0;131.0;1.0;14.299999999999955;9.0;334.0;10.18152762760115;-4.5716511813668;
-1.0;2.7998643993581562;2.7998643993581562;4.15;-1.4601356006418436;91.0;74.0;89.0;389.0;0.08;0.035651989750838074;0.06507484049283901;0.0012327331076703281;0.0;131.0;1.0;14.399999999999977;11.0;334.0;10.24369421580351;-4.601971852353044;
-1.0;2.7997400131784684;2.7997400131784684;4.18;-1.350259986821532;95.0;74.0;89.0;389.0;0.075;0.02402159180067042;0.06532761803744641;0.002363516559375254;0.0;131.0;1.0;14.489999999999895;12.0;335.0;10.306833658300397;-4.631414257920979;
-1.0;2.7994726550766216;2.7994726550766216;4.19;-1.3805273449233781;93.0;73.0;89.0;389.0;0.075;0.02671727344053642;0.07064988186990107;0.0047940447579855276;0.0;132.0;1.0;14.589999999999918;5.0;335.0;10.370124152095123;-4.660927099865871;
-1.0;2.799701386740397;2.799701386740397;4.09;-1.3902986132596036;93.0;73.0;89.0;388.0;0.08;0.04137381875242912;0.06220465704524933;0.002714665996390933;0.0;131.0;1.0;14.669999999999959;11.0;335.0;10.431904132911454;-4.689735578041196;
-1.0;2.7994562653362114;2.7994562653362114;4.07;-1.2905437346637885;97.0;73.0;90.0;389.0;0.08;0.04109905500194324;0.06729537857877307;0.004943042398074863;0.0;132.0;1.0;14.759999999999991;8.0;335.0;10.493382011132107;-4.718403183462607;
-1.0;2.799389201247842;2.799389201247842;3.9;-1.2706107987521582;97.0;73.0;89.0;389.0;0.085;0.053379244001554686;0.03111852051630581;-0.00555271592870484;0.0;130.0;1.0;14.8599999999999;9.0;335.0;10.55229201728949;-4.745873370475753;
-1.0;2.79904161972503;2.79904161972503;3.86;-1.10095838027497;103.0;73.0;89.0;388.0;0.08;0.03870339520124371;0.014809368444189184;-0.008712547954272738;0.0;130.0;1.0;14.93999999999994;4.0;335.0;10.610597818255515;-4.773061811981071;
-1.0;2.7989317238988125;2.7989317238988125;3.96;-1.0610682761011874;105.0;73.0;90.0;388.0;0.08;0.03896271616099494;0.004683535359693892;-0.009711600919882999;0.0;130.0;1.0;15.029999999999973;0.0;335.0;10.670414132199934;-4.800954617255957;
-1.0;2.7995888203199963;2.7995888203199963;3.92;-1.1604111796800036;101.0;73.0;89.0;390.0;0.085;0.05167017292879602;0.017808911818936794;-0.0037379970909396454;0.0;131.0;1.0;15.1099999999999;0.0;335.0;10.729626240952994;-4.8285656770230165;
-1.0;2.7996520951283905;2.7996520951283905;3.92;-1.1203479048716094;102.0;73.0;89.0;389.0;0.08;0.03733613834303675;0.016047071406565833;-0.0031627715600842697;0.0;131.0;1.0;15.18999999999994;0.0;335.0;10.788838349706054;-4.856176736790076;
-1.0;2.7995947945627138;2.7995947945627138;3.87;-1.1204052054372862;102.0;73.0;89.0;387.0;0.08;0.03786891067442937;0.01113237149464988;-0.003683685793510885;0.0;131.0;1.0;15.289999999999964;-2.0;335.0;10.847295201969919;-4.883435614672351;
-1.0;2.799831886091634;2.799831886091634;3.83;-1.070168113908366;104.0;73.0;88.0;388.0;0.08;0.03829512853954355;0.025307736370598598;0.0015283082578689024;0.0;131.0;1.0;15.3599999999999;0.0;335.0;10.905147849042425;-4.910412747046799;
-1.0;2.799496603287668;2.799496603287668;3.75;-1.0305033967123323;106.0;73.0;89.0;389.0;0.075;0.026136102831634776;0.03479951108648849;0.004576333748474062;0.0;132.0;1.0;15.459999999999923;8.0;336.0;10.962244440145088;-4.935833787239036;
-1.0;2.7993926760293895;2.7993926760293895;3.73;-0.9506073239706105;108.0;72.0;89.0;388.0;0.08;0.040908882265307915;0.03867974370328715;0.005521127005548618;0.0;132.0;1.0;15.539999999999964;2.0;336.0;11.019036516095204;-4.961119248550249;
-1.0;2.7989151041229348;2.7989151041229348;3.74;-0.9310848958770652;109.0;72.0;88.0;389.0;0.085;0.05322710581224629;0.05425372141327155;0.009862689791499957;0.0;132.0;1.0;15.6099999999999;-1.0;336.0;11.075980849621592;-4.986472499301974;
-1.0;2.799666334346555;2.799666334346555;3.7;-0.9403336656534451;109.0;72.0;89.0;389.0;0.08;0.03858168464979699;0.03444738094913943;0.0030333241222257642;0.0;131.0;1.0;15.68999999999994;4.0;336.0;11.132316152842886;-5.011554592291648;
-1.0;2.7996497166320173;2.7996497166320173;3.69;-0.9003502833679828;110.0;71.0;88.0;390.0;0.085;0.05136534771983763;0.013447377045309428;-0.0031843942543856064;0.0;131.0;1.0;15.769999999999982;-3.0;336.0;11.188499198487905;-5.0365688958408095;
-1.0;2.799689687801776;2.799689687801776;3.54;-0.8903103121982241;110.0;71.0;90.0;388.0;0.085;0.04959227817587005;0.030446003200162566;0.002821019983853651;0.0;131.0;1.0;15.870000000000005;-1.0;336.0;11.242398380488819;-5.060566357782282;
-1.0;2.7999670421021197;2.7999670421021197;3.51;-0.7400329578978804;116.0;75.0;89.0;389.0;0.095;0.07317382254069606;0.021892273874726774;0.0002996172534554288;0.0;131.0;1.0;15.93999999999994;4.0;336.0;11.295840789760911;-5.084360451402216;
-1.0;2.7996753428758323;2.7996753428758323;3.49;-0.7103246571241675;117.0;75.0;91.0;389.0;0.07;0.005539058032556887;0.029471904278946734;0.002951428401524868;0.0;131.0;1.0;16.019999999999982;0.0;336.0;11.348978683880455;-5.108018966141126;
-1.0;2.7993654167766104;2.7993654167766104;3.47;-0.6906345832233898;118.0;69.0;89.0;390.0;0.08;0.03643124642604547;0.038866429571118924;0.005768938394450487;0.0;132.0;1.0;16.09999999999991;3.0;336.0;11.401812062847453;-5.131541901999009;
-1.0;2.799887308964633;2.799887308964633;3.56;-0.6701126910353672;118.0;69.0;88.0;388.0;0.1;0.0871449971408365;0.024306378407443444;0.0010244639578801252;0.0;131.0;1.0;16.149999999999977;5.0;336.0;11.456015760000914;-5.1556749428215065;
-1.0;2.799742791094139;2.799742791094139;3.54;-0.7602572089058612;115.0;68.0;88.0;388.0;0.095;0.06721599771266916;0.027748258561109913;0.0023382627805529064;0.0;131.0;1.0;16.229999999999905;1.0;336.0;11.509914942001828;-5.179672404762979;
-1.0;2.798759475367676;2.798759475367676;3.53;-0.7412405246323241;116.0;68.0;91.0;387.0;0.1;0.07577279817013528;0.057254662767202445;0.011277496657492284;0.0;132.0;1.0;16.309999999999945;2.0;336.0;11.563661866426468;-5.203602077263938;
-1.0;2.7958970926041578;2.7958970926041578;3.47;-0.734102907395842;116.0;66.0;93.0;390.0;0.115;0.10811823853610827;0.0848318914161181;0.018440259176012577;0.04999999999999999;134.0;1.0;16.389999999999986;1.0;336.0;11.616495245393466;-5.227125013121822;
-1.0;2.790322973066797;2.790322973066797;3.46;-0.6796770269332031;118.0;64.0;98.0;389.0;0.135;0.1479945908288865;0.1482361302485306;0.03547011681885617;0.11666666666666665;137.0;1.0;16.459999999999923;3.0;336.0;11.669176366784189;-5.250580159539193;
-1.0;2.7799886700403538;2.7799886700403538;3.45;-0.6800113299596462;118.0;62.0;102.0;388.0;0.17;0.21939567266310933;0.18099366148284746;0.041168075430350615;0.2333333333333333;142.0;1.0;16.539999999999964;1.0;336.0;11.721705230598639;-5.273967516516051;
-1.0;2.768276347418148;2.768276347418148;3.43;-0.681723652581852;118.0;61.0;109.0;389.0;0.2;0.2675165381304875;0.22193586095154455;0.04883699341454656;0.3333333333333333;147.0;1.0;16.59999999999991;1.0;336.0;11.77392957926054;-5.297219294611884;
-1.0;2.7482777788861856;2.7482777788861856;3.41;-0.6817222211138145;117.0;58.0;125.0;389.0;0.24;0.33401323050438986;0.2914654620963943;0.06436719229412306;0.46666666666666656;155.0;1.0;16.67999999999995;4.0;336.0;11.825849412769895;-5.3203354938266925;
-1.0;2.6805243060617188;2.6805243060617188;3.37;-0.7294756939382814;115.0;58.0;209.0;389.0;0.335;0.5287105844035118;0.3456867551739045;0.0735894510004794;0.7833333333333332;186.0;1.0;16.75;3.0;336.0;11.877160215974154;-5.3431805352794495;
-1.0;2.49475;2.49475;3.34;-0.8752500000000003;109.0;54.0;271.0;386.0;0.71;1.0;0.44575948428655854;0.09580711463765784;1.0;235.0;1.0;16.829999999999927;-3.0;336.0;11.928014246449592;-5.365822208410669;
-1.0;2.4892499999999997;2.4892499999999997;3.29;-0.8507500000000001;110.0;55.0;270.0;387.0;0.73;1.0;0.5428834680525624;0.11469807652565855;1.0;235.0;1.0;16.889999999999986;-8.0;336.0;11.978106989043662;-5.388124934339325;
-1.0;2.490625;2.490625;3.27;-0.799375;112.0;50.0;315.0;387.0;0.725;1.0;0.6219843831326279;0.12634640510559783;1.0;235.0;1.0;16.969999999999914;-14.0;336.0;12.027895216485183;-5.410292081386957;
-1.0;2.486549295909115;2.486549295909115;3.13;-0.7834507040908849;113.0;49.0;347.0;388.0;0.75;0.9745518553716794;0.7098403120702503;0.13987359042841754;1.0;235.0;1.0;17.019999999999982;-28.0;335.0;12.075174272708928;-5.43233866737443;
-1.0;2.496989436727292;2.496989436727292;3.07;-0.6330105632727081;118.0;48.0;350.0;388.0;0.755;0.8671414842973428;0.758526746557772;0.14070160893039557;1.0;235.0;1.0;17.09999999999991;-57.0;334.0;12.121162568077903;-5.454768657718471;
-1.0;2.5050115493818335;2.5050115493818335;3.06;-0.5649884506181664;120.0;48.0;352.0;387.0;0.76;0.7817131874378743;0.8320060222234664;0.1497756047751802;1.0;231.0;1.0;17.159999999999968;-69.0;332.0;12.166192895313708;-5.478711707420551;
-1.0;2.513849239505467;2.513849239505467;3.07;-0.546150760494533;121.0;46.0;355.0;388.0;0.76;0.7013705499502995;0.8859153344452814;0.152633397931158;1.0;220.0;1.0;17.239999999999895;-88.0;330.0;12.210504528474011;-5.504295040753885;
-1.0;2.5154193916043734;2.5154193916043734;2.96;-0.5545806083956264;121.0;53.0;335.0;386.0;0.77;0.6620964399602394;0.90307407060805;0.1449726458826626;1.0;215.0;1.0;17.289999999999964;-128.0;328.0;12.252341567884395;-5.530437724456056;
-1.0;2.5407655132834988;2.5407655132834988;2.94;-0.4192344867165012;126.0;46.0;338.0;379.0;0.735;0.5191771519681914;0.9222533895142886;0.1397933937901627;1.0;197.0;1.0;17.34999999999991;-136.0;325.0;12.292480018054556;-5.558542969837258;
-1.0;2.524852410626799;2.524852410626799;2.78;-0.41514758937320106;126.0;46.0;376.0;374.0;0.77;0.5763417215745539;0.9399276748793928;0.1355820684319471;1.0;204.0;1.0;17.42999999999995;-151.0;321.0;12.328487780935395;-5.587701481289233;
-1.0;2.5290619285014393;2.5290619285014393;2.62;-0.2509380714985605;132.0;46.0;377.0;375.0;0.77;0.5380733772596427;0.9121609710502947;0.11893419709441616;1.0;200.0;1.0;17.489999999999895;-163.0;317.0;12.360423559239432;-5.617482076345295;
-1.0;2.5324295428011516;2.5324295428011516;2.58;-0.08757045719884848;138.0;47.0;220.0;388.0;0.77;0.5074587018077139;0.9046300498638378;0.1111313007406017;1.0;196.0;1.0;17.549999999999955;-181.0;313.0;12.38974948872212;-5.648930285514919;
-1.0;2.537873634240921;2.537873634240921;2.5;-0.04212636575907913;139.0;48.0;126.0;444.0;0.765;0.470466961446172;0.8781967593824543;0.09906765444534324;1.0;191.0;1.0;17.620000000000005;-191.0;307.0;12.414825114686789;-5.682206765100223;
-1.0;2.645076864621056;2.577873634240921;2.44;0.07787363424092097;144.0;50.0;115.0;458.0;0.39;-0.4846264308430622;0.8134775642074122;0.07740230019141094;0.9666666666666667;72.0;1.0;17.67999999999995;-212.0;303.0;12.4369737687774;-5.716312701530003;
-1.0;2.692505672276028;2.617873634240921;2.33;0.17787363424092106;147.0;51.0;108.0;448.0;0.325;-0.5112011446744501;0.7602355578007183;0.06221878951526885;0.7499999999999999;84.0;1.0;17.739999999999895;-222.0;298.0;12.455204914465584;-5.750600499719359;
-1.0;2.7213546767408117;2.657873634240921;2.26;0.327873634240921;153.0;55.0;103.0;449.0;0.285;-0.4764609157395615;0.7022023329062578;0.04756977529989127;0.6166666666666665;96.0;1.0;17.779999999999973;-224.0;293.0;12.46992245363868;-5.7852728491994005;
-1.0;2.746782191572286;2.697873634240921;2.25;0.4378736342409213;157.0;59.0;97.0;432.0;0.24;-0.46516873259164826;0.6115391314274392;0.024900906454392628;0.46666666666666656;105.0;1.0;17.839999999999918;-224.0;288.0;12.48151059092774;-5.8209374685604685;
-1.0;2.769485533036694;2.737873634240921;2.2;0.4878736342409211;159.0;64.0;93.0;423.0;0.19;-0.47313498607331816;0.5378733945064171;0.010051786715756218;0.29999999999999993;114.0;1.0;17.870000000000005;-221.0;283.0;12.489758796253682;-5.856664370935927;
-1.0;2.7860442851986424;2.777873634240921;2.39;0.577873634240921;162.0;68.0;90.0;423.0;0.145;-0.4720079888586546;0.46856751645810374;-0.0019928661517607527;0.14999999999999994;122.0;1.0;17.92999999999995;-238.0;278.0;12.495302524775258;-5.896110049007466;
-1.0;2.7942878098507653;2.7942878098507653;2.34;0.4042878098507652;156.0;74.0;88.0;433.0;0.11;-0.4506063910869241;0.3469815033042915;-0.028698746538390177;0.03333333333333331;126.0;1.0;17.969999999999914;-239.0;273.0;12.497343627068734;-5.935056600862894;
-1.0;2.793120474829198;2.793120474829198;2.23;0.45312047482919793;158.0;85.0;87.0;453.0;0.07;-0.4494851128695393;0.1919089341317754;-0.0625411379163811;0.0;123.0;1.0;18.029999999999973;-242.0;268.0;12.496046529107957;-5.972200626600437;
-1.0;2.791149325850941;2.791149325850941;2.21;0.5611493258509412;161.0;91.0;86.0;458.0;0.01;-0.5025880902956315;0.07768912602549777;-0.08046067408235272;0.0;121.0;1.0;18.069999999999936;-239.0;262.0;12.49092031988926;-6.008675500465752;
-1.0;2.788771224849433;2.788771224849433;2.16;0.578771224849433;162.0;98.0;85.0;459.0;-0.025;-0.4885704722365053;-0.05319426514347206;-0.10207977409606318;0.0;118.0;1.0;18.129999999999995;-205.0;258.0;12.483435499019821;-6.043888814092169;
-1.0;2.7859106637903515;2.7859106637903515;2.15;0.6259106637903513;164.0;102.0;85.0;454.0;-0.065;-0.49335637778920427;-0.2043848319882936;-0.12808487463316642;0.0;115.0;1.0;18.159999999999968;-194.0;254.0;12.473558493769712;-6.078334024863292;
-1.0;2.7836015368602514;2.7836015368602514;2.23;0.6336015368602514;164.0;101.0;84.0;453.0;-0.085;-0.4511851022313634;-0.34612263628088935;-0.14907693763407776;0.0;112.0;1.0;18.219999999999914;-175.0;249.0;12.460239151644945;-6.113032097381438;
-1.0;2.7818265025109468;2.7818265025109468;2.36;0.5518265025109468;161.0;96.0;83.0;452.0;-0.085;-0.3694480817850907;-0.4762213386274422;-0.16521361353684583;0.0;110.0;1.0;18.279999999999973;-175.0;245.0;12.443616166683144;-6.148680203671546;
-1.0;2.7799590216301477;2.7799590216301477;2.29;0.41995902163014787;156.0;95.0;87.0;448.0;-0.065;-0.25405846542807264;-0.6112059881313574;-0.1821907124532001;0.0;108.0;1.0;18.319999999999936;-155.0;242.0;12.425698002036816;-6.182379370132328;
-1.0;2.7786904228468003;2.7786904228468003;2.22;0.4886904228468003;159.0;102.0;88.0;445.0;-0.04;-0.1472467723424581;-0.7303617845989021;-0.19372342866545064;0.0;106.0;1.0;18.3599999999999;-150.0;239.0;12.406641593265144;-6.214094560258307;
-1.0;2.778465706438247;2.778465706438247;2.1;0.558465706438247;161.0;102.0;88.0;444.0;-0.07;-0.1967974178739665;-0.8176295395405815;-0.19576630510684234;0.0;106.0;1.0;18.41999999999996;-146.0;236.0;12.387069841643667;-6.243110875297733;
-1.0;2.779174388130344;2.779174388130344;2.01;0.679174388130344;165.0;105.0;86.0;441.0;-0.07;-0.16443793429917322;-0.8721565708516248;-0.18932374426959853;0.0;107.0;1.0;18.449999999999932;-135.0;233.0;12.366909038368073;-6.269865164884317;
-1.0;2.781710201556204;2.781710201556204;2.15;0.7717102015562043;169.0;102.0;84.0;440.0;-0.095;-0.20105034743933858;-0.8633857978879158;-0.16627089494359856;0.0;110.0;1.0;18.50999999999999;-125.0;230.0;12.343875815687639;-6.297315090762747;
-1.0;2.7868771612586265;2.7868771612586265;2.28;0.6368771612586266;164.0;106.0;76.0;437.0;-0.09;-0.15784027795147088;-0.7600994715540728;-0.11929853401248432;0.0;116.0;1.0;18.549999999999955;-111.0;227.0;12.317959878005263;-6.325106531424275;
-1.0;2.781400674337632;2.781400674337632;2.14;0.5014006743376322;159.0;109.0;70.0;435.0;-0.15;-0.28527222236117666;-0.6274543828382476;-0.07084729002632144;0.1666666666666666;117.0;1.0;18.6099999999999;-43.0;226.0;12.293183729458892;-6.35076298430302;
-1.0;2.7673462170186145;2.7673462170186145;2.0;0.6273462170186144;163.0;138.0;67.0;434.0;-0.195;-0.3557177778889413;-0.5422277866433133;-0.043658940819341734;0.3166666666666666;113.0;1.0;18.649999999999977;20.0;227.0;12.270450450790143;-6.375141441023659;
-1.0;2.6507595342154535;2.6507595342154535;2.08;0.6507595342154535;164.0;141.0;63.0;433.0;-0.355;-0.704074222311153;-0.47617582907687106;-0.025956121118407033;0.8499999999999999;54.0;1.0;18.68999999999994;27.0;227.0;12.246807840974643;-6.400495036013123;
-1.0;2.6233232001945894;2.6233232001945894;2.1;0.5433232001945894;160.0;145.0;58.0;431.0;-0.39;-0.6862593778489228;-0.4020804758001102;-0.008059807493234719;0.9666666666666667;46.0;1.0;18.739999999999895;41.0;228.0;12.223388269752084;-6.426505104904832;
-1.0;2.6033191747492945;2.6033191747492945;2.1;0.5033191747492944;158.0;145.0;55.0;431.0;-0.435;-0.700507502279138;-0.3948230084369692;-0.012312215301647673;1.0;42.0;1.0;18.779999999999973;43.0;229.0;12.200426203737416;-6.452919940212629;
-1.0;2.605695339799436;2.605695339799436;2.17;0.5056953397994359;158.0;148.0;51.0;428.0;-0.45;-0.6414060018233106;-0.4018980876220344;-0.019868756165577074;1.0;49.0;1.0;18.839999999999918;39.0;230.0;12.17717871852042;-6.480625214238765;
-1.0;2.5956062718395483;2.5956062718395483;2.1;0.42560627183954836;155.0;148.0;50.0;426.0;-0.485;-0.6456248014586485;-0.3732361625561272;-0.015334389165130267;1.0;49.0;1.0;18.879999999999995;38.0;231.0;12.155152504833675;-6.507825322889759;
-1.0;2.601725017471639;2.601725017471639;2.21;0.5017250174716388;158.0;144.0;44.0;424.0;-0.49;-0.5774998411669189;-0.3372906150073218;-0.008948570318585092;1.0;57.0;1.0;18.91999999999996;42.0;232.0;12.132475640492514;-6.536850385647607;
-1.0;2.603540013977311;2.603540013977311;2.12;0.3935400139773111;154.0;141.0;41.0;420.0;-0.5;-0.5359998729335345;-0.31354887198957654;-0.006782145649690957;1.0;63.0;1.0;18.959999999999923;58.0;233.0;12.111211509674474;-6.565068840335944;
-1.0;2.6098320111818487;2.6098320111818487;2.25;0.4898320111818486;158.0;137.0;39.0;419.0;-0.5;-0.47879989834682757;-0.2833786983101268;-0.002645641855709386;1.0;70.0;1.0;19.00999999999999;74.0;235.0;12.08970239331131;-6.595787041996782;
-1.0;2.620365608945479;2.620365608945479;2.11;0.370365608945479;153.0;134.0;38.0;417.0;-0.49;-0.40803991867746225;-0.29324288618227734;-0.01074334381241522;1.0;79.0;1.0;19.049999999999955;90.0;237.0;12.070549253913281;-6.625280290302863;
-1.0;2.629452487156383;2.629452487156383;2.2;0.519452487156383;159.0;129.0;38.0;416.0;-0.48;-0.3504319349419702;-0.29168418761255965;-0.013991923202662394;1.0;86.0;1.0;19.1099999999999;104.0;239.0;12.051664524499913;-6.656709757995274;
-1.0;2.645631989725106;2.645631989725106;2.13;0.445631989725106;156.0;125.0;38.0;413.0;-0.455;-0.26584554795357607;-0.28955373367978965;-0.01638808613455004;1.0;97.0;1.0;19.149999999999977;109.0;241.0;12.034453782981167;-6.687758757598723;
-1.0;2.657475591780085;2.657475591780085;2.26;0.5274755917800853;159.0;118.0;42.0;410.0;-0.435;-0.208176438362861;-0.3318887903384336;-0.03160206057882907;1.0;104.0;1.0;19.209999999999923;118.0;244.0;12.017941803118779;-6.721613333342658;
-1.0;2.6948050808997537;2.6948050808997537;2.19;0.4348050808997539;156.0;113.0;41.0;411.0;-0.38;-0.07254115069028882;-0.3227759955191987;-0.029185585824061486;0.9333333333333332;122.0;1.0;19.25;120.0;246.0;12.003095915646513;-6.754957742546613;
-1.0;2.709433540240981;2.709433540240981;2.22;0.5194335402409811;159.0;113.0;42.0;410.0;-0.36;-0.04603292055223068;-0.3093357305233741;-0.02577190907088573;0.8666666666666666;125.0;1.0;19.279999999999973;121.0;249.0;11.989836301513337;-6.789500218327009;
-1.0;2.7108485391911987;2.7108485391911987;2.16;0.49084853919119853;158.0;115.0;46.0;408.0;-0.355;-0.060326336441784534;-0.3269980256113951;-0.03210293039358241;0.8499999999999999;124.0;1.0;19.339999999999918;115.0;251.0;11.97811584795288;-6.823538887048585;
-1.0;2.7162014387858027;2.7162014387858027;2.27;0.5562014387858025;161.0;112.0;49.0;408.0;-0.345;-0.05876106915342805;-0.39126116961712454;-0.0515012480288126;0.8166666666666664;124.0;1.0;19.379999999999995;109.0;254.0;11.967687567991137;-6.859906621211585;
-1.0;2.735478227469934;2.735478227469934;2.28;0.46547822746993406;157.0;106.0;53.0;408.0;-0.315;-0.006508855322742285;-0.43398029855223863;-0.061841960495926857;0.7166666666666666;128.0;1.0;19.43999999999994;101.0;256.0;11.95849453595835;-6.896777858810073;
-1.0;2.757277081442643;2.757277081442643;2.24;0.47727708144264325;158.0;101.0;58.0;407.0;-0.265;0.08829291574180648;-0.42195812439851615;-0.054546522121669515;0.5499999999999999;134.0;1.0;19.5;87.0;258.0;11.950732499501154;-6.933295369237468;
-1.0;2.774106459048201;2.774106459048201;2.28;0.5341064590482008;160.0;100.0;69.0;403.0;-0.215;0.16913433259344507;-0.44015758140040295;-0.057536217285871966;0.38333333333333325;135.0;1.0;19.539999999999964;65.0;259.0;11.943481757676844;-6.97059720220848;
-1.0;2.7911403876351715;2.7911403876351715;2.3;0.5111403876351717;159.0;98.0;87.0;401.0;-0.155;0.26380746607475614;-0.4160141898414194;-0.047589107989010566;0.1833333333333333;132.0;1.0;19.589999999999918;44.0;260.0;11.936825244199612;-7.008348166073948;
-1.0;2.7961856242733902;2.7961856242733902;2.37;0.4961856242733904;159.0;95.0;186.0;398.0;-0.055;0.44554597285980463;-0.3769627657785504;-0.03467614296917612;0.0;127.0;1.0;19.629999999999995;29.0;261.0;11.930646082830524;-7.047361855527456;
-1.0;2.564875;2.564875;2.39;0.1948749999999997;147.0;94.0;204.0;396.0;0.455;1.0;-0.3510647727129998;-0.02751077177124675;1.0;235.0;1.0;19.68999999999994;22.0;261.0;11.924414776639756;-7.0867047744278295;
-1.0;2.54425;2.54425;2.41;0.15424999999999978;145.0;91.0;268.0;395.0;0.53;1.0;-0.28551737310038994;-0.009365692987474396;1.0;235.0;1.0;19.75;15.0;262.0;11.918824657084526;-7.126480541855616;
-1.0;2.5401249999999997;2.5401249999999997;2.27;0.1301249999999996;145.0;89.0;286.0;392.0;0.545;1.0;-0.1741380712795545;0.02021088869426327;1.0;235.0;1.0;19.789999999999964;6.0;262.0;11.91355927476487;-7.163945683789672;
-1.0;2.537375;2.537375;2.28;0.2673749999999999;149.0;87.0;235.0;392.0;0.555;1.0;-0.04823535382606611;0.05045676476586607;1.0;235.0;1.0;19.829999999999927;-1.0;262.0;11.908270696928387;-7.201575870401852;
-1.0;2.536022032517463;2.536022032517463;2.21;0.25602203251746314;149.0;84.0;227.0;390.0;0.565;0.9872997043867004;0.027708693445716123;0.06218391891770623;1.0;235.0;1.0;19.879999999999995;0.0;262.0;11.90314448770969;-7.238050744267166;
-1.0;2.5432776260139702;2.5432776260139702;2.36;0.33327762601397026;152.0;82.0;262.0;386.0;0.58;0.8838397635093607;0.08057391133973565;0.06616087437128514;1.0;235.0;1.0;19.93999999999994;3.0;262.0;11.897670345738595;-7.2770012883043345;
-1.0;2.5508421008111757;2.5508421008111757;2.39;0.1908421008111758;147.0;81.0;299.0;382.0;0.59;0.7900718108074887;0.15852900982845522;0.07792670727043871;1.0;232.0;1.0;19.979999999999905;-11.0;261.0;11.891439039547826;-7.316344207204708;
-1.0;2.5589836806489408;2.5589836806489408;2.25;0.16898368064894065;146.0;82.0;306.0;380.0;0.595;0.7035574486459911;0.24401603687469248;0.09115805412679126;1.0;221.0;1.0;20.039999999999964;-33.0;261.0;11.885572747108817;-7.353382519977025;
-1.0;2.5706669445191523;2.5706669445191523;2.38;0.32066694451915234;152.0;75.0;309.0;378.0;0.59;0.6098459589167928;0.2919292706654952;0.09218073417616768;1.0;209.0;1.0;20.09999999999991;-49.0;260.0;11.878684702728028;-7.392446560846509;
-1.0;2.558343555615322;2.558343555615322;2.2;0.1783435556153221;146.0;74.0;308.0;378.0;0.625;0.6343767671334344;0.34058017143453556;0.09417844298495616;1.0;212.0;1.0;20.129999999999995;-74.0;258.0;11.871061274064711;-7.4283119728734155;
-1.0;2.562674844492258;2.562674844492258;2.19;0.3626748444922576;153.0;72.0;331.0;379.0;0.63;0.5825014137067472;0.3903419060130097;0.0970828781901979;1.0;205.0;1.0;20.16999999999996;-91.0;256.0;11.862231124875324;-7.4637277668824895;
-1.0;2.563059875593806;2.563059875593806;2.35;0.37305987559380593;153.0;71.0;369.0;379.0;0.64;0.5540011309653978;0.4370627599789127;0.0994893968621894;1.0;202.0;1.0;20.229999999999905;-122.0;253.0;11.850779899773682;-7.5011830364910415;
-1.0;2.5654579004750446;2.5654579004750446;2.16;0.21545790047504454;148.0;73.0;408.0;377.0;0.645;0.5197009047723178;0.4903936523679293;0.10433204040603479;1.0;197.0;1.0;20.289999999999964;-149.0;250.0;11.838467174613958;-7.535011970839334;
-1.0;2.575296320380036;2.575296320380036;2.29;0.41529632038003594;155.0;71.0;436.0;374.0;0.635;0.45526072381785465;0.5309713579156377;0.10544681703649889;1.0;189.0;1.0;20.329999999999927;-169.0;247.0;11.823554269876619;-7.570144572746102;
-1.0;2.5728270563040283;2.5728270563040283;2.15;0.28282705630402827;150.0;71.0;448.0;372.0;0.645;0.45270857905428397;0.5389449365791543;0.09736895438656684;1.0;189.0;1.0;20.389999999999986;-161.0;243.0;11.807286276969284;-7.602072306529519;
-1.0;2.575691645043223;2.575691645043223;2.17;0.4256916450432229;155.0;71.0;445.0;370.0;0.645;0.42666686324342784;0.5584674554566348;0.09453081790408074;1.0;185.0;1.0;20.41999999999996;-160.0;239.0;11.78865906659337;-7.6330731905715785;
-1.0;2.577983316034578;2.577983316034578;2.14;0.40798331603457827;155.0;71.0;432.0;368.0;0.645;0.4058334905947414;0.5757859760771058;0.09198955961853858;1.0;183.0;1.0;20.479999999999905;-163.0;236.0;11.768714519702913;-7.662642197326042;
-1.0;2.5798166528276623;2.5798166528276623;2.12;0.43981665282766214;156.0;74.0;358.0;365.0;0.645;0.38916679247579355;0.5587616433674993;0.08000006740349105;1.0;181.0;1.0;20.519999999999982;-158.0;232.0;11.746961147574739;-7.690485243953479;
-1.0;2.58953332226213;2.58953332226213;2.26;0.46953332226213007;157.0;72.0;340.0;363.0;0.63;0.3383334339806346;0.5495068638505967;0.07239885293507203;1.0;174.0;1.0;20.559999999999945;-148.0;229.0;11.722249590816096;-7.7189126381418705;
-1.0;2.5845466578097036;2.5845466578097036;2.14;0.3245466578097038;152.0;72.0;339.0;363.0;0.64;0.35866674718450814;0.5279649999030135;0.062446660440794624;1.0;177.0;1.0;20.620000000000005;-141.0;226.0;11.697473442269725;-7.744569091020615;
-1.0;2.585397326247763;2.585397326247763;2.16;0.44539732624776285;156.0;72.0;296.0;361.0;0.64;0.3509333977476056;0.5061958009403339;0.05398586866189209;1.0;176.0;1.0;20.659999999999968;-145.0;223.0;11.671144709011434;-7.769121031982865;
-1.0;2.5860778609982105;2.5860778609982105;2.13;0.4260778609982103;155.0;72.0;216.0;359.0;0.64;0.3447467181980854;0.4914191307704621;0.04887960989735882;1.0;175.0;1.0;20.709999999999923;-127.0;220.0;11.643950131280711;-7.791939992126737;
-1.0;2.5866222887985684;2.5866222887985684;2.22;0.4566222887985685;156.0;73.0;169.0;360.0;0.64;0.33979737455846787;0.4806775648848892;0.04570960076762442;1.0;174.0;1.0;20.75;-117.0;217.0;11.614400617408961;-7.814207147983363;
-1.0;2.660942168961145;2.6266222887985684;2.12;0.4066222887985682;155.0;76.0;144.0;357.0;0.48;-0.06416210035322578;0.4723907758414424;0.0436951951987633;1.0;123.0;1.0;20.809999999999945;-105.0;215.0;11.585457245177416;-7.8344735154011;
-1.0;2.694942593280566;2.6666222887985684;2.22;0.5466222887985683;160.0;77.0;136.0;356.0;0.34;-0.3533296802825804;0.45098437713918815;0.037982052065163155;0.7999999999999999;96.0;1.0;20.870000000000005;-105.0;212.0;11.554079465619628;-7.854080528177729;
-1.0;2.7227421137376018;2.7066222887985685;2.2;0.4866222887985683;158.0;75.0;128.0;356.0;0.295;-0.36116374422606445;0.43189054820077033;0.033677180513389;0.6499999999999998;103.0;1.0;20.92999999999995;-94.0;210.0;11.5223252008142;-7.872413861511062;
-1.0;2.7408553070854547;2.7408553070854547;2.22;0.5408553070854545;160.0;75.0;123.0;357.0;0.265;-0.33443099538085147;0.3920551485339352;0.02362893547467604;0.5499999999999999;109.0;1.0;20.969999999999914;-94.0;208.0;11.489656139878418;-7.88978430933414;
-1.0;2.754810671325916;2.754810671325916;2.3;0.534810671325916;160.0;75.0;128.0;355.0;0.24;-0.30354479630468123;0.3706711404088819;0.02032904891290354;0.46666666666666656;114.0;1.0;21.019999999999982;-85.0;206.0;11.455202368103617;-7.906588536627722;
-1.0;5.451345163206147;2.794810671325916;2.31;0.4948106713259164;159.0;74.0;129.0;355.0;0.265;-0.15633583704374493;0.3513268024518667;0.017873360551395927;0.5499999999999999;121.0;1.0;21.059999999999945;-68.0;205.0;11.420309518302705;-7.922859339704739;
-1.0;5.452071873441066;2.8348106713259162;2.32;0.5248106713259162;160.0;73.0;135.0;354.0;0.275;-0.07356866963499614;0.34621458088916585;0.019791558021343796;0.5833333333333333;127.0;1.0;21.120000000000005;-40.0;204.0;11.384985760607192;-7.9385864899036696;
-1.0;5.434938109174295;2.8748106713259163;2.32;0.5548106713259164;161.0;71.0;142.0;353.0;0.31;0.056145064292002916;0.3778026738255563;0.03223396591577549;0.6999999999999998;137.0;1.0;21.17999999999995;-16.0;203.0;11.349392906273698;-7.953694760205255;
-1.0;5.398650899501462;2.9148106713259163;2.39;0.5948106713259165;163.0;70.0;155.0;351.0;0.355;0.18841605143360263;0.41836559444095095;0.04551210239374993;0.8499999999999999;152.0;1.0;21.219999999999914;2.0;203.0;11.312726129611175;-7.9692588834900775;
-1.0;5.3433893874738425;2.9548106713259163;2.34;0.5648106713259162;162.0;74.0;173.0;348.0;0.425;0.3612328411468819;0.4550893104930498;0.05579410861944861;1.0;177.0;1.0;21.269999999999982;22.0;204.0;11.277097856763113;-7.985121612570034;
-1.0;5.308161509979074;2.9948106713259164;2.39;0.6548106713259165;166.0;71.0;191.0;343.0;0.495;0.5064862729175053;0.5265757300259515;0.0751829989652904;1.0;196.0;1.0;21.309999999999945;27.0;204.0;11.240708296033683;-8.001323288852554;
-1.0;5.256109207983259;3.0348106713259164;2.5;0.6448106713259163;165.0;64.0;215.0;342.0;0.6;0.7171890183340044;0.6442305644811481;0.10597436410931028;1.0;222.0;1.0;21.370000000000005;23.0;205.0;11.202945471573821;-8.01893238309175;
-1.0;5.2212873663866075;3.0748106713259165;2.45;0.5748106713259165;163.0;62.0;223.0;340.0;0.68;0.8337512146672041;0.7509761294049921;0.12968777205422444;1.0;235.0;1.0;21.42999999999995;3.0;205.0;11.165937903603158;-8.036189295446162;
-1.0;5.226649893109286;3.1148106713259165;2.54;0.6648106713259163;166.0;59.0;224.0;336.0;0.69;0.7600009717337632;0.82501189790428;0.14098047078126577;1.0;228.0;1.0;21.489999999999895;-18.0;205.0;11.12757087395194;-8.054080135193185;
-1.0;5.2275299144874285;3.1548106713259165;2.63;0.6148106713259165;165.0;58.0;214.0;334.0;0.705;0.7145007773870105;0.8937697750089786;0.14991197771450776;1.0;222.0;1.0;21.539999999999964;-36.0;204.0;11.08752713139194;-8.071908758048009;
-1.0;5.232743931589943;3.1948106713259166;2.49;0.5648106713259167;163.0;58.0;205.0;334.0;0.71;0.6546006219096081;0.9435989498327926;0.15275373011892993;1.0;214.0;1.0;21.59999999999991;-71.0;202.0;11.049049001427418;-8.087454931674769;
-1.0;5.239335145271955;3.2348106713259166;2.62;0.7448106713259164;170.0;57.0;194.0;331.0;0.71;0.5946804975276867;0.9747905837954609;0.15043245328060043;1.0;207.0;1.0;21.659999999999968;-86.0;200.0;11.008015756986433;-8.102389811266656;
-1.0;5.258358116217564;3.2748106713259166;2.62;0.6548106713259165;167.0;59.0;181.0;331.0;0.685;0.48424439802215;1.0007928446156849;0.14764245254645675;1.0;193.0;1.0;21.719999999999914;-107.0;198.0;10.96648628910821;-8.115883553354362;
-1.0;5.302726492974051;3.3148106713259167;2.69;0.6948106713259166;168.0;63.0;169.0;331.0;0.61;0.2683955184177192;1.0267856721735147;0.14592766719682804;1.0;165.0;1.0;21.75999999999999;-126.0;195.0;10.923180614562918;-8.127487273876458;
-1.0;5.345921194379241;3.3548106713259167;2.7;0.6648106713259168;168.0;58.0;158.0;334.0;0.53;0.07571641473417523;1.0269336763281924;0.137322248447336;1.0;141.0;1.0;21.819999999999936;-138.0;192.0;10.879163972529897;-8.136843299963257;
-1.0;5.358256955503393;3.3948106713259167;2.72;0.6948106713259166;169.0;58.0;148.0;335.0;0.5;0.03857313178734034;1.008258025276811;0.12479377696901824;1.0;136.0;1.0;21.889999999999986;-144.0;189.0;10.83438876775625;-8.143934995711748;
-1.0;5.371394435597286;3.4348106713259168;2.69;0.7148106713259166;170.0;59.0;136.0;336.0;0.45;-0.04414149457012759;0.970022283295498;0.1085294594863569;1.0;125.0;1.0;21.949999999999932;-157.0;185.0;10.789726038791803;-8.147842478178267;
-1.0;5.383965934514385;3.474810671325917;2.89;0.7848106713259169;172.0;58.0;131.0;339.0;0.385;-0.15281319565610285;0.9287685787775058;0.09384790189959781;0.95;113.0;1.0;22.00999999999999;-149.0;182.0;10.74158871395705;-8.149523470602771;
-1.0;5.399420367158193;3.514810671325917;2.63;0.6248106713259167;167.0;65.0;127.0;340.0;0.365;-0.13375055652488133;0.8973808313676275;0.08423736887226481;0.8833333333333332;117.0;1.0;22.069999999999936;-139.0;179.0;10.697762056652694;-8.148758473453936;
-1.0;5.4268471801804505;3.554810671325917;2.74;0.924810671325917;178.0;61.0;125.0;346.0;0.31;-0.20800044521990538;0.8693077581810941;0.07691558976920447;0.6999999999999998;115.0;1.0;22.120000000000005;-127.0;176.0;10.652206631690829;-8.145572927819622;
-1.0;5.428678003393466;3.594810671325917;2.83;0.8548106713259167;176.0;60.0;124.0;346.0;0.32;-0.11040035617592439;0.8468099248788349;0.07216927698830775;0.7333333333333333;123.0;1.0;22.17999999999995;-100.0;174.0;10.605298348959293;-8.140642668635497;
-1.0;5.432782648956995;3.634810671325917;2.99;0.8048106713259169;174.0;60.0;123.0;346.0;0.32;-0.05632028494073918;0.8091717907455678;0.06338017984824265;0.7333333333333333;128.0;1.0;22.25999999999999;-73.0;173.0;10.555836465735833;-8.134569513022473;
-1.0;5.437881651613221;3.674810671325917;2.92;0.6848106713259168;170.0;57.0;125.0;347.0;0.315;-0.025556227952591576;0.7977195286817332;0.06345190107435521;0.7166666666666666;131.0;1.0;22.319999999999936;-29.0;172.0;10.507643419723744;-8.127796422109084;
-1.0;5.417190161315259;3.714810671325917;2.98;0.7948106713259171;174.0;53.0;130.0;346.0;0.34;0.07355501763792668;0.8082115106629219;0.06986350602747539;0.7999999999999999;140.0;1.0;22.379999999999995;5.0;172.0;10.458460105642912;-8.120884158094734;
-1.0;5.377517346227622;3.754810671325917;2.98;0.7748106713259171;173.0;52.0;132.0;343.0;0.385;0.20534401411034142;0.8364852107557474;0.0805371450630864;0.95;156.0;1.0;22.449999999999932;25.0;173.0;10.40916364677806;-8.114831314038945;
-1.0;5.36356972675829;3.794810671325917;3.01;0.8148106713259171;175.0;49.0;137.0;342.0;0.4;0.24027521128827317;0.8681028212999278;0.09064470342883826;1.0;162.0;1.0;22.50999999999999;34.0;173.0;10.359370914837386;-8.108717535311452;
-1.0;5.342455781406631;3.834810671325917;3.11;0.8248106713259173;176.0;48.0;137.0;341.0;0.44;0.33222016903061846;0.8772918093330146;0.09263451557899512;1.0;173.0;1.0;22.569999999999936;28.0;174.0;10.307821529927464;-8.10329947663208;
-1.0;5.342174625125305;3.874810671325917;3.2;0.7648106713259173;174.0;47.0;140.0;338.0;0.445;0.3222761352244953;0.8724314824430681;0.09019535058287245;1.0;172.0;1.0;22.649999999999977;13.0;174.0;10.25478036217449;-8.097724625257804;
-1.0;5.333369700100244;3.914810671325917;3.29;0.714810671325917;172.0;45.0;141.0;337.0;0.465;0.35232090817959594;0.8952465235175664;0.09644942243750886;1.0;176.0;1.0;22.699999999999932;-9.0;174.0;10.200247411578463;-8.091992981188628;
-1.0;5.327755760080196;3.9548106713259172;3.31;0.6648106713259172;170.0;44.0;140.0;336.0;0.48;0.36585672654367607;0.8789684241302194;0.09018103860415423;1.0;178.0;1.0;22.779999999999973;-22.0;174.0;10.14538295368398;-8.086226494298362;
-1.0;5.330524608064157;3.9948106713259173;3.32;0.6848106713259172;171.0;43.0;138.0;338.0;0.48;0.34068538123494174;0.8605779633622533;0.084207061135538;1.0;174.0;1.0;22.8599999999999;-41.0;173.0;10.090462066626493;-8.07948305729661;
-1.0;5.335489686451325;4.034810671325917;3.37;0.714810671325917;173.0;43.0;137.0;339.0;0.475;0.30804830498795294;0.8689349331449285;0.08708429911047805;1.0;170.0;1.0;22.93999999999994;-65.0;171.0;10.034986904829733;-8.070696654843518;
-1.0;5.33979174916106;4.074810671325917;3.29;0.7048106713259168;173.0;43.0;135.0;340.0;0.47;0.2814386439903619;0.882005980272449;0.09096745208953706;1.0;167.0;1.0;23.00999999999999;-75.0;170.0;9.980986613039564;-8.06117494643478;
-1.0;5.346313399328848;4.114810671325917;3.44;0.8248106713259169;177.0;44.0;131.0;345.0;0.46;0.24715091519229052;0.8423954064265389;0.07853090912330558;1.0;163.0;1.0;23.089999999999918;-79.0;168.0;9.924906150597492;-8.04925467616123;
-1.0;5.360440719463078;4.154810671325917;3.56;0.714810671325917;173.0;43.0;128.0;345.0;0.435;0.18122073215383236;0.7973045637439538;0.06614538262239969;1.0;154.0;1.0;23.16999999999996;-95.0;166.0;9.86733527083845;-8.034900643688983;
-1.0;5.365142575570462;4.194810671325917;3.54;0.634810671325917;171.0;44.0;125.0;347.0;0.425;0.16347658572306586;0.7983589243055973;0.06917870554129198;1.0;152.0;1.0;23.239999999999895;-114.0;163.0;9.81091329023663;-8.017650713110342;
-1.0;5.375064060456371;4.234810671325917;3.52;0.694810671325917;173.0;45.0;124.0;349.0;0.405;0.12328126857845245;0.8243307163132345;0.07910168052143668;1.0;147.0;1.0;23.319999999999936;-115.0;161.0;9.755442867134803;-7.998550714715522;
-1.0;5.380707029800031;4.274810671325917;3.53;0.7548106713259171;175.0;47.0;120.0;356.0;0.395;0.11412501486276216;0.8018273853132307;0.07301695944341291;0.9833333333333333;145.0;1.0;23.399999999999977;-106.0;158.0;9.70089355035779;-7.976511360136219;
-1.0;5.405265529051685;4.314810671325917;3.49;0.7848106713259173;177.0;50.0;118.0;356.0;0.365;0.05580001189020922;0.7219685057807391;0.05049245140124749;0.8833333333333332;138.0;1.0;23.479999999999905;-98.0;156.0;9.647755656238246;-7.9528528453973095;
-1.0;5.422547814325199;4.354810671325917;3.67;0.8648106713259169;180.0;51.0;116.0;357.0;0.34;0.01864000951216735;0.692503589193612;0.04599385626047463;0.7999999999999999;134.0;1.0;23.549999999999955;-79.0;155.0;9.59231982993117;-7.92700269505417;
-1.0;5.430797364960674;4.394810671325917;3.66;0.7248106713259173;175.0;54.0;113.0;360.0;0.325;0.011412007609734182;0.6727645103736845;0.04472343314627368;0.7499999999999999;134.0;1.0;23.629999999999995;-69.0;153.0;9.53796843195568;-7.899309274570057;
-1.0;5.446306347824521;4.434810671325917;3.71;0.7748106713259171;177.0;57.0;111.0;363.0;0.295;-0.03337039391221305;0.6319048199278998;0.036976129590757245;0.6499999999999998;130.0;1.0;23.709999999999923;-59.0;152.0;9.483372839130569;-7.870280282937796;
-1.0;5.455908671042159;4.474810671325917;3.8;0.7648106713259173;177.0;59.0;110.0;369.0;0.27;-0.05969631512977036;0.610387501642706;0.035763804585605664;0.5666666666666667;129.0;1.0;23.789999999999964;-59.0;150.0;9.428524563557554;-7.838613616271129;
-1.0;5.461545372440198;4.514810671325917;3.8;0.7148106713259175;175.0;63.0;109.0;372.0;0.255;-0.05825705210381654;0.5425107432086482;0.020455766171121305;0.5166666666666666;128.0;1.0;23.879999999999995;-48.0;149.0;9.374237301179754;-7.8059945381934925;
-1.0;5.469249308629318;4.554810671325917;3.83;0.7548106713259175;177.0;66.0;105.0;373.0;0.23;-0.08360564168305283;0.48617134659245115;0.010313008816210785;0.4333333333333333;127.0;1.0;23.959999999999923;-35.0;148.0;9.320103564375103;-7.77216802515994;
-1.0;5.478736052601534;4.594810671325917;3.77;0.7648106713259173;177.0;69.0;105.0;376.0;0.195;-0.13138451334644233;0.43929019190995044;0.003909487580067518;0.3166666666666666;126.0;1.0;24.059999999999945;-25.0;148.0;9.266817875666607;-7.738871431390621;
-1.0;5.483417549580953;4.634810671325917;3.8;0.8648106713259174;181.0;70.0;103.0;379.0;0.18;-0.123107610677154;0.40902954670478603;0.0028352003407036697;0.2666666666666666;127.0;1.0;24.129999999999995;-12.0;148.0;9.213108162910034;-7.705309877989184;
-1.0;5.487712351716122;4.674810671325917;3.87;0.8748106713259176;182.0;73.0;102.0;379.0;0.165;-0.11798608854172311;0.38795679740988004;0.004126926418186835;0.21666666666666665;128.0;1.0;24.209999999999923;-6.0;147.0;9.159013911277555;-7.670180660230715;
-1.0;5.492551902856774;4.7148106713259175;4.02;0.8448106713259174;181.0;75.0;100.0;380.0;0.145;-0.1278888708333784;0.37402260554848066;0.006880419524327323;0.14999999999999994;129.0;1.0;24.309999999999945;3.0;147.0;9.102822983225211;-7.633689844884708;
-1.0;5.496041253689534;4.7548106713259175;4.11;0.7348106713259179;177.0;78.0;99.0;380.0;0.125;-0.13781109666670294;0.3363302412342286;0.001677078436155853;0.0833333333333333;130.0;1.0;24.399999999999977;4.0;148.0;9.044731688638496;-7.597390375284734;
-1.0;5.499363728845507;4.7948106713259175;4.19;0.6848106713259172;175.0;79.0;97.0;382.0;0.105;-0.14774887733336217;0.31300617892522403;0.0010710488809079072;0.016666666666666632;131.0;1.0;24.479999999999905;10.0;148.0;8.985509663256906;-7.560384346665782;
-1.0;5.498953753493294;4.834810671325918;4.2;0.6448106713259172;174.0;80.0;97.0;383.0;0.09;-0.14519910186668988;0.25757853038395595;-0.009511331879149675;0.0;130.0;1.0;24.579999999999927;13.0;148.0;8.926146296525955;-7.523289998169458;
-1.0;5.498727189317753;4.874810671325918;4.08;0.6748106713259174;175.0;82.0;94.0;383.0;0.085;-0.11965928149335173;0.2272001593619546;-0.011571006202241028;0.0;130.0;1.0;24.66999999999996;10.0;148.0;8.868479025987318;-7.4872554882016;
-1.0;5.49849779475983;4.914810671325918;4.06;0.8348106713259176;181.0;83.0;93.0;383.0;0.06;-0.1497274251946815;0.19738812769621333;-0.013656411274276109;0.0;129.0;1.0;24.75;16.0;149.0;8.81047737197314;-7.4524045784660204;
-1.0;5.496952415739606;4.954810671325918;4.24;0.8948106713259181;184.0;85.0;91.0;383.0;0.05;-0.13878194015574527;0.1282949777207653;-0.02770531145813105;0.0;127.0;1.0;24.84999999999991;19.0;149.0;8.749904216056859;-7.41600855450571;
-1.0;5.495218074948222;4.994810671325918;4.22;0.7548106713259175;179.0;86.0;90.0;383.0;0.03;-0.15602555212459612;0.04871599001023335;-0.0434720459252491;0.0;125.0;1.0;24.92999999999995;21.0;149.0;8.689616782574143;-7.379784209903704;
-1.0;5.495452129621392;5.034810671325918;4.36;0.814810671325918;181.0;88.0;89.0;384.0;0.02;-0.14682044169967684;0.0235794592463296;-0.04134427616916577;0.0;126.0;1.0;25.019999999999982;13.0;150.0;8.626685603232474;-7.343450876570371;
-1.0;5.49462185651578;5.074810671325918;4.37;0.7148106713259175;178.0;89.0;87.0;385.0;0.005;-0.15295635335974153;-0.030715146562027444;-0.0488922134929131;0.0;125.0;1.0;25.120000000000005;9.0;150.0;8.563610086323507;-7.307034209903704;
-1.0;5.494645317814424;5.114810671325918;4.23;0.7448106713259177;179.0;89.0;86.0;387.0;-0.01;-0.15936508268779326;-0.06055133067607607;-0.04867892895978562;0.0;125.0;1.0;25.219999999999914;6.0;150.0;8.502555295356704;-7.2717842099037036;
-1.0;5.494091341578576;5.154810671325918;4.35;0.9248106713259174;186.0;92.0;85.0;386.0;-0.015;-0.14099206615023466;-0.10575435326623725;-0.053715076558398384;0.0;124.0;1.0;25.289999999999964;17.0;150.0;8.439768453582332;-7.235534209903704;
-1.0;5.494406164710107;5.194810671325918;4.58;0.8448106713259182;183.0;92.0;84.0;388.0;-0.035;-0.16429365292018772;-0.12497401919255122;-0.050853048089937646;0.0;125.0;1.0;25.409999999999968;19.0;151.0;8.373005815937358;-7.198527075558233;
-1.0;5.493205464684317;5.234810671325918;4.64;0.6548106713259179;176.0;94.0;83.0;387.0;-0.04;-0.14743492233615013;-0.18692929923934365;-0.061768502869838884;0.0;123.0;1.0;25.5;18.0;151.0;8.305368558585245;-7.1610351315925165;
-1.0;5.4926300455768615;5.274810671325918;4.52;0.6348106713259183;176.0;94.0;81.0;390.0;-0.055;-0.15944793786892014;-0.23308329052012994;-0.06699958566489386;0.0;122.0;1.0;25.59999999999991;17.0;152.0;8.238853173256539;-7.1256682738626465;
-1.0;5.492996950904211;5.314810671325918;4.65;0.7948106713259184;182.0;95.0;80.0;388.0;-0.065;-0.15805835029513612;-0.25109245167570593;-0.0636640826889905;0.0;123.0;1.0;25.699999999999932;18.0;152.0;8.170424734809972;-7.08928422774674;
-1.0;5.4931905459148656;5.354810671325918;4.68;0.7048106713259177;179.0;96.0;79.0;385.0;-0.075;-0.15794668023610892;-0.2709291612156043;-0.061904128046676034;0.0;123.0;1.0;25.809999999999945;24.0;153.0;8.10092622592328;-7.053872968767055;
-1.0;5.492424337621157;5.394810671325918;4.53;0.7148106713259184;179.0;96.0;79.0;386.0;-0.085;-0.15885734418888717;-0.31735506897503796;-0.068869657989483;0.0;122.0;1.0;25.909999999999968;25.0;153.0;8.033655233347057;-7.01959668603672;
-1.0;5.493080606490762;5.434810671325918;4.81;0.9048106713259179;187.0;96.0;79.0;388.0;-0.085;-0.1355858753511097;-0.3222242342604623;-0.06290357735671445;0.0;123.0;1.0;26.00999999999999;26.0;154.0;7.961601910635407;-6.9844539324357955;
-1.0;5.493903295165932;5.474810671325918;4.73;0.6648106713259185;178.0;96.0;77.0;386.0;-0.085;-0.11696870028088777;-0.3177483770272531;-0.055424589400618056;0.0;124.0;1.0;26.120000000000005;21.0;154.0;7.890746979985489;-6.949895673697257;
-1.0;5.494922532277242;5.494922532277242;4.72;0.7649225322772413;182.0;97.0;76.0;389.0;-0.095;-0.12707496022471026;-0.30262890508919743;-0.0461587974796228;0.0;125.0;1.0;26.219999999999914;27.0;155.0;7.819450767405273;-6.916649703773655;
-1.0;5.494556040929315;5.494556040929315;4.78;0.7745560409293155;182.0;97.0;76.0;387.0;-0.105;-0.1361599681797681;-0.30460488831803056;-0.04357241105413213;0.016666666666666632;125.0;1.0;26.319999999999936;27.0;155.0;7.74724824703802;-6.882981115588312;
-1.0;5.493638094520596;5.493638094520596;4.87;0.7136380945205953;180.0;96.0;77.0;387.0;-0.105;-0.11942797454381449;-0.34257950509650903;-0.0523424116432099;0.016666666666666632;124.0;1.0;26.409999999999968;31.0;156.0;7.673098807392696;-6.8499676580586595;
-1.0;5.494537320728329;5.494537320728329;4.88;0.6245373207283285;177.0;97.0;77.0;387.0;-0.095;-0.0810423796350516;-0.3456968425467052;-0.04966072065155693;0.0;125.0;1.0;26.50999999999999;31.0;157.0;7.598231079311898;-6.818188192941532;
-1.0;5.494824696269058;5.494824696269058;4.93;0.614824696269058;176.0;96.0;77.0;387.0;-0.1;-0.08683390370804132;-0.34704918375890514;-0.047048215735839616;0.0;125.0;1.0;26.639999999999986;28.0;158.0;7.522047472594993;-6.787408017849192;
-1.0;5.494630335871285;5.494630335871285;5.04;0.5646303358712856;175.0;96.0;77.0;386.0;-0.095;-0.0669671229664331;-0.36116775768892706;-0.0488151284428564;0.0;125.0;1.0;26.739999999999895;30.0;158.0;7.444164028811383;-6.755941064002255;
-1.0;5.494222915066543;5.494222915066543;4.89;0.4542229150665431;171.0;96.0;77.0;387.0;-0.095;-0.06307369837314651;-0.38197941113042544;-0.05251895394051316;0.0;124.0;1.0;26.8599999999999;23.0;159.0;7.368077224051861;-6.7267340761143135;
-1.0;5.494995021713085;5.494995021713085;4.94;0.6049950217130853;176.0;95.0;76.0;389.0;-0.095;-0.059958958698517154;-0.3681295819080809;-0.0454998026083157;0.0;125.0;1.0;26.949999999999932;12.0;159.0;7.291212435603591;-6.697228448268417;
-1.0;5.494740183076495;5.494740183076495;4.98;0.5547401830764942;174.0;96.0;76.0;387.0;-0.095;-0.05746716695881375;-0.3816431944467482;-0.04781651748641433;0.0;125.0;1.0;27.049999999999955;18.0;159.0;7.213725260204323;-6.667483908456157;
-1.0;5.494675005030988;5.494675005030988;4.95;0.5146750050309876;173.0;94.0;77.0;387.0;-0.1;-0.06797373356705101;-0.3900530854293207;-0.0484090451728382;0.0;125.0;1.0;27.16999999999996;18.0;160.0;7.136200618989485;-6.63926724663179;
-1.0;5.495120315824793;5.495120315824793;4.97;0.5451203158247928;174.0;95.0;78.0;386.0;-0.085;-0.026878986853640756;-0.3828279767036388;-0.044360765229152416;0.0;125.0;1.0;27.25999999999999;16.0;160.0;7.058362746901052;-6.610936578092981;
-1.0;5.496214629224886;5.496214629224886;5.02;0.5262146292248859;173.0;95.0;79.0;385.0;-0.085;-0.030003189482912633;-0.3537189429521525;-0.03441246159194882;0.0;127.0;1.0;27.3599999999999;19.0;160.0;6.9797417976286305;-6.582320892768068;
-1.0;5.496449694912642;5.496449694912642;5.07;0.47644969491264266;172.0;92.0;79.0;385.0;-0.08;-0.020002551586330124;-0.3459561184906934;-0.03227550079416436;0.0;127.0;1.0;27.489999999999895;25.0;161.0;6.899845477990488;-6.554810383716437;
-1.0;5.497223872390412;5.497223872390412;5.02;0.42722387239041204;170.0;91.0;79.0;383.0;-0.065;0.01349795873093601;-0.3209494542186242;-0.025237523723524558;0.0;128.0;1.0;27.589999999999918;21.0;162.0;6.82027374946046;-6.5289559618537325;
-1.0;5.498082081263531;5.498082081263531;5.03;0.4780820812635316;172.0;91.0;81.0;380.0;-0.06;0.01679836698474882;-0.29037151026460994;-0.017435624876987868;0.0;129.0;1.0;27.709999999999923;24.0;162.0;6.74054351151105;-6.503050037158633;
-1.0;5.498796829728157;5.498796829728157;4.89;0.4687968297281566;171.0;90.0;82.0;382.0;-0.05;0.03243869358779893;-0.26097811511569646;-0.010937911562208469;0.0;130.0;1.0;27.839999999999918;26.0;163.0;6.662604673900063;-6.47922174322373;
-1.0;5.498507527490115;5.498507527490115;5.19;0.608507527490115;176.0;89.0;83.0;376.0;-0.04;0.04595095487023916;-0.2596382496355911;-0.013567931908049082;0.0;129.0;1.0;27.959999999999923;22.0;163.0;6.57988431250926;-6.453931590765213;
-1.0;5.499945376091078;5.499945376091078;5.06;0.3099453760910773;166.0;87.0;84.0;376.0;-0.03;0.05776076389619142;-0.20449261127106924;0.0004965809902054488;0.0;131.0;1.0;28.069999999999936;17.0;164.0;6.498817909485129;-6.430686173757979;
-1.0;5.498538530621286;5.498538530621286;5.08;0.4385385306212868;170.0;86.0;86.0;379.0;-0.015;0.08070861111695304;-0.1478970356234392;0.013286085261031992;0.0;133.0;1.0;28.16999999999996;14.0;164.0;6.417431085895684;-6.40734887763214;
-1.0;5.4975465295674715;5.4975465295674715;5.12;0.4175465295674714;170.0;85.0;87.0;380.0;0.0;0.1005668888935625;-0.09911920508011542;0.022304276659353972;0.0;134.0;1.0;28.289999999999964;14.0;164.0;6.335403421175614;-6.3838278232690895;
-1.0;5.497221020211824;5.497221020211824;5.0;0.3772210202118238;168.0;83.0;87.0;382.0;0.01;0.10545351111485003;-0.0677778204337761;0.02526345261978267;0.0;134.0;1.0;28.379999999999995;7.0;164.0;6.255298279847421;-6.360858043617673;
-1.0;5.497172542005363;5.497172542005363;5.21;0.4971725420053632;172.0;83.0;89.0;380.0;0.02;0.11036280889187998;-0.0449479607655807;0.025704163587609203;0.0;134.0;1.0;28.5;10.0;165.0;6.1714237205979865;-6.338383923201271;
-1.0;5.4964831820505085;5.4964831820505085;5.14;0.2864831820505085;165.0;82.0;90.0;380.0;0.03;0.11529024711350401;-0.00392562538782185;0.03197107226810343;0.0;135.0;1.0;28.59999999999991;7.0;165.0;6.088676074812557;-6.316211758337489;
-1.0;5.496243536003051;5.496243536003051;5.11;0.3562435360030509;167.0;81.0;91.0;379.0;0.04;0.1202321976908032;0.02491213258823158;0.034149672699542326;0.0;135.0;1.0;28.709999999999923;2.0;165.0;6.00641139194027;-6.294169002996258;
-1.0;5.496670053888834;5.496670053888834;5.25;0.38667005388883346;168.0;80.0;92.0;377.0;0.05;0.1251857581526426;0.033092987797700174;0.030272237374239067;0.0;135.0;1.0;28.829999999999927;-4.0;165.0;5.921892882139977;-6.271522336549787;
-1.0;5.496749440023798;5.496749440023798;5.17;0.24674944002379817;163.0;79.0;93.0;377.0;0.06;0.13014860652211407;0.04866263974053657;0.02955054523819618;0.0;135.0;1.0;28.93999999999994;-5.0;165.0;5.838662273441402;-6.2492207621634535;
-1.0;5.496011694066864;5.496011694066864;5.04;0.3260116940668638;166.0;78.0;94.0;378.0;0.07;0.13511888521769125;0.08747476533889867;0.036257326664876306;0.0;136.0;1.0;29.079999999999927;-12.0;164.0;5.757916290982584;-6.226067224274826;
-1.0;5.495756549493067;5.495756549493067;5.14;0.4557565494930671;171.0;78.0;94.0;376.0;0.08;0.14009510817415302;0.11354631917762822;0.038576822790297886;0.0;136.0;1.0;29.18999999999994;-18.0;164.0;5.675568205697201;-6.2024542907931695;
-1.0;5.495920679967334;5.495920679967334;5.03;0.35592067996733423;167.0;77.0;94.0;377.0;0.08;0.12007608653932242;0.12672079569063233;0.03708472756969211;0.0;136.0;1.0;29.309999999999945;-19.0;163.0;5.5953979903223;-6.177943796213913;
-1.0;5.495367021848721;5.495367021848721;5.17;0.4653670218487207;171.0;76.0;95.0;379.0;0.085;0.11656086923145795;0.1597734131035522;0.042117983193442295;0.0;136.0;1.0;29.42999999999995;-20.0;163.0;5.512996397183485;-6.152751100990304;
-1.0;5.495333298334415;5.495333298334415;5.06;0.3253332983344155;166.0;76.0;95.0;377.0;0.095;0.12674869538516642;0.178222432368211;0.04242456059622253;0.0;136.0;1.0;29.539999999999964;-21.0;163.0;5.432348029430603;-6.128094420558687;
-1.0;5.494925145369594;5.494925145369594;5.21;0.43492514536959437;170.0;75.0;95.0;378.0;0.095;0.11089895630813303;0.20699224893574758;0.046135042094603215;0.0;137.0;1.0;29.639999999999986;-18.0;162.0;5.349764621932307;-6.101261444880462;
-1.0;5.49500253465606;5.49500253465606;5.25;0.2850025346560603;165.0;75.0;95.0;379.0;0.1;0.11071916504650652;0.22160433051017314;0.04543150312672519;0.0;137.0;1.0;29.75;-19.0;162.0;5.266547176756481;-6.074222457872654;
-1.0;5.494714373893616;5.494714373893616;5.21;0.24471437389361572;163.0;76.0;96.0;380.0;0.1;0.09857533203720524;0.24585052154381248;0.048051146421675434;0.0;137.0;1.0;29.870000000000005;-10.0;161.0;5.184444647108607;-6.0459522897939575;
-1.0;5.4953938559611135;5.4953938559611135;5.04;0.28539385596111355;165.0;75.0;96.0;380.0;0.1;0.08886026562976417;0.24090421870691994;0.041874036717148816;0.0;136.0;1.0;30.00999999999999;-13.0;161.0;5.105021086758264;-6.018604564819556;
-1.0;5.494340663507415;5.494340663507415;5.29;0.45434066350741453;171.0;75.0;96.0;379.0;0.105;0.0935882125038113;0.2674636023515502;0.04628512884124651;0.016666666666666632;137.0;1.0;30.120000000000005;-5.0;161.0;5.021657865676258;-5.98990030586825;
-1.0;5.494708546133584;5.494708546133584;5.21;0.2047085461335838;162.0;75.0;96.0;376.0;0.105;0.08537057000304904;0.2696168148608831;0.043023338872828096;0.016666666666666632;137.0;1.0;30.219999999999914;-9.0;161.0;4.939555336028384;-5.9616301377895535;
-1.0;5.495673278786275;5.495673278786275;5.22;0.285673278786275;165.0;75.0;97.0;380.0;0.105;0.07879645600243923;0.2509661855165441;0.03421581859217846;0.016666666666666632;135.0;1.0;30.329999999999927;-14.0;161.0;4.857295219951244;-5.933305708351781;
-1.0;5.497221469482313;5.497221469482313;5.31;0.2772214694823134;165.0;76.0;96.0;379.0;0.11;0.0860371648019514;0.18859566902667238;0.013680823637112122;0.03333333333333331;133.0;1.0;30.449999999999932;-7.0;160.0;4.77413242301169;-5.903036925667459;
-1.0;5.498008041060058;5.498008041060058;5.18;0.18800804106005842;161.0;46.0;96.0;379.0;0.1;0.05482973184156119;0.19990282017871702;0.018108717635836546;0.0;133.0;1.0;30.569999999999936;-12.0;160.0;4.693005626750507;-5.87350918662701;
-1.0;5.440695306961463;5.440695306961463;5.24;0.2606953069614635;164.0;45.0;96.0;382.0;0.25;0.4288637854732489;0.2196305874111203;0.024403360681964543;0.4999999999999999;160.0;1.0;30.67999999999995;-20.0;160.0;4.610939137868537;-5.843639427443236;
-1.0;5.441009829714708;5.441009829714708;5.15;0.2010098297147076;162.0;76.0;95.0;380.0;0.255;0.38059102837859893;0.21067552200807763;0.02122878067288124;0.5166666666666666;157.0;1.0;30.799999999999955;-15.0;159.0;4.530806817927528;-5.812879511773931;
-1.0;5.498389284470748;5.481009829714708;5.26;0.3310098297147075;167.0;76.0;95.0;377.0;0.095;-0.07002717729712064;0.18882996690568865;0.014642868447749868;0.0;133.0;1.0;30.889999999999986;-15.0;159.0;4.448962933871273;-5.781462588197127;
